date,title,body,url,image,source,ticker
2025-02-24 00:00:00+00:00,The biggest crypto heist ever: $1.5 billion stolen from Bybit cryptocurrency exchange,Crypto exchange Bybit had $1.5 billion stolen from its cryptocurrency wallet. Credit: Jaque Silva / NurPhoto via Getty Images That's the amount of money that has just been stolen by hackers from ...,https://mashable.com/article/bybit-largest-cryptocurrency-heist-crypto-hacker,,Mashable,
2025-02-24 00:00:00+00:00,They Just Want to Take Your Money,"Remember Hawk Tuah coin? Hopefully, you do not. But the cryptocurrency launched late last year by viral phenom Hailey Welch was a perfect example of how so-called meme coins often work ...",https://nymag.com/intelligencer/article/dave-portnoy-kanye-meme-coin-rug-pull.html,,New York Magazine,
2025-02-24 00:00:00+00:00,Hackers reportedly stole $2.4 billion from cryptocurrency exchange platform Bybit. Here's what we know,"Major cryptocurrency exchange platform Bybit was hacked over the weekend to the tune of $1.5 billion in digital assets, in what's estimated to be the largest cryptocurrency heist in history.",https://www.abc.net.au/news/2025-02-24/bybit-cryptocurrency-hack-what-we-know/104974512,,Australian Broadcasting Corporation,
2025-02-24 15:41:00+00:00,How North Korea pulled off a $1.5 billion crypto heist—the biggest in history,"The cryptocurrency industry and those responsible for securing it are still in shock following Friday's heist, likely by North Korea, that drained $1.5 billion from Dubai-based exchange Bybit ...",https://arstechnica.com/security/2025/02/how-north-korea-pulled-off-a-1-5-billion-crypto-heist-the-biggest-in-history/,,Ars Technica,
2025-02-24 19:20:00+00:00,Argentina's $4.6 Billion Crypto Scandal; Largest-Ever Crypto Theft,"Argentine President Javier Milei is in hot water after his brief foray into crypto that left the opposition calling for his impeachment and a judge launching a fraud probe. On February 14, Milei ...",https://www.forbes.com/sites/digital-assets/2025/02/24/argentinas-46-billion-crypto-scandal-largest-ever-crypto-theft/,,Forbes,
2025-02-25 00:00:00+00:00,Bitcoin risks free fall to $81K if BTC loses $85K support — Analysts,"Bitcoin's price may decline further, with analysts warning of a potential drop to $81,000 amid ongoing exchange-traded fund (ETF) outflows and market uncertainty. Bitcoin (BTC) fell to a three ...",https://cointelegraph.com/news/bitcoin-risks-free-fall-81k-btc-loses-85k-support-analysts,,CoinTelegraph,BTC
2025-02-25 00:00:00+00:00,Bitcoin price plunge to $87K 'not unexpected' after Bybit hack: Expert,"Bitcoin is currently trading at a price of $87,261, a dramatic reversal for the world's largest cryptocurrency that some predicted would hit $1 million later this year. ""The brutal sell-off ...",https://www.thestreet.com/crypto/markets/bitcoin-price-plunge-not-unexpected-after-bybit-hack-expert,,TheStreet.com,
2025-02-25 00:00:00+00:00,"Bitcoin drops below $90,000 as global jitters combine with Bybit hack","LONDON, Feb 25 (Reuters) - Bitcoin dropped below $90,000 to its lowest since November 18 on Tuesday, as market nerves over U.S. tariffs reinforced the blow to crypto investor confidence from last ...",https://www.reuters.com/markets/currencies/bitcoin-falls-below-9000-first-time-month-ether-tumbles-2025-02-25/,,Reuters,BTC
2025-02-25 03:10:00+00:00,Best Cryptocurrency of March 2025,"You can find her jogging through Austin, TX, or playing tourist in her free time. Cryptocurrency has become increasingly popular in recent years, going from being a relatively unknown asset to one ...",https://www.newsweek.com/vault/investing/best-cryptocurrencies/,,Newsweek,
2025-02-25 05:45:00+00:00,Better Cryptocurrency to Buy and Hold for 10 Years: Bitcoin vs. Cardano,"In the U.S., there's even a proposal for it to be the biggest holding in a hypothetical national cryptocurrency repository. That would represent perhaps the final frontier of mainstream acceptance ...",https://finance.yahoo.com/news/better-cryptocurrency-buy-hold-10-104500616.html,,Yahoo Finance,
2025-02-25 13:13:00+00:00,What's behind bitcoin's slide and should investors be worried?,"The price of bitcoin, the original and most popular cryptocurrency, dropped below $88,000 or more than 7% Tuesday, its lowest level since November, as tariff fears and economic worries dragged ...",https://abcnews.go.com/Business/bitcoins-slide-investors-worried/story?id=119166107,,ABC News,
2025-02-25 14:49:00+00:00,North Korea steals $1.5bn as it pulls off world's biggest ever heist,State-backed North Korean hackers have stolen $1.5bn (£1.2bn) of cryptocurrency in the largest heist in history. Agents from Pyongyang were able to breach the systems of Dubai-based exchange ...,https://www.telegraph.co.uk/business/2025/02/25/north-korea-plunders-worlds-crypto-markets-biggest-heist/,,The Daily Telegraph,
2025-02-25 15:23:00+00:00,"Bitcoin drops below $90,000 amid US tariffs and Bybit hack fallout","Bitcoin BTC=dropped below $90,000 to its lowest since November 18 on Tuesday, as market nerves over U.S. tariffs reinforced the blow to crypto investor confidence from last week's $1.5 billion ...",https://www.usatoday.com/story/money/2025/02/25/bitcoin-three-month-low-tariffs-hack/80251098007/,,USA Today,BTC
2025-02-25 16:18:00+00:00,"Bitcoin tumbles below $90K, now down 20% from euphoric Trump highs","Bitcoin fell on Tuesday to trade at its lowest level since November, dropping by more than 20% from its January all-time high. The apex token dropped to nearly $86,000 as risk-off gloom settled ...",https://markets.businessinsider.com/news/currencies/bitcoin-price-outlook-sell-off-tariffs-trump-inflation-memecoins-reserve-2025-2,,Business Insider,BTC
2025-02-25 21:42:00+00:00,Quarter of $1.1b scam losses in 2024 involved cryptocurrency; 1 victim lost $125m in fake interview,"SINGAPORE - Almost a quarter of the $1.1 billion lost to scams in 2024 involved cryptocurrency, with one victim losing $125 million in cryptocurrency funds in a malware-enabled scam. Police said ...",https://www.straitstimes.com/singapore/scammers-took-over-230m-in-cryptocurrency-in-2024-one-victim-lost-125m-in-fake-interview-ruse,,The Straits Times,
2025-02-25 23:51:00+00:00,"Bitcoin drops below $90,000, over $100 billion wiped out from crypto market: Why is the cryptocurrency down today?","(Pixabay) Bitcoin (BTC) dropped below $90,000 on Tuesday, extending the cryptocurrency market's downturn amid US President Donald Trump's anticipation of US tariffs on Mexico and Canada ...",https://www.livemint.com/market/cryptocurrency/bitcoin-slides-under-92-000-over-100-billion-wipes-out-from-crypto-market-heres-why-11740452742376.html,,Mint,
2025-02-26 03:17:00+00:00,What's Next for Bitcoin After Cryptocurrency Falls Below $90K? Key Levels to Watch,"Tim Smith has 20+ years of experience in the financial services industry, both as a writer and as a trader. Bitcoin plunged below $90,000 to a three-month low on Tuesday, continuing a slide from ...",https://www.investopedia.com/watch-these-bitcoin-price-levels-as-cryptocurrency-falls-below-usd90k-11686578,,Investopedia,BTC
2025-02-26 03:17:00+00:00,What's Next for Bitcoin After Cryptocurrency Falls Below $90K? Key Levels to Watch,The cryptocurrency broke down below the neckline of a double top pattern on above-average volume in Tuesday's trading session to confirm the formation. Investors should watch crucial support ...,https://www.investopedia.com/watch-these-bitcoin-price-levels-as-cryptocurrency-falls-below-usd90k-11686578,,Investopedia,
2025-02-26 03:55:00+00:00,"Better Cryptocurrency to Buy With $5,000 and Hold for a Decade: XRP vs. Solana","Still, for more conservative investors, XRP is probably the better choice, since it relies less on continual innovation in the cryptocurrency space, and more on continued execution of its already ...",https://www.fool.com/investing/2025/02/26/better-cryptocurrency-to-buy-with-5000-and-hold-fo/,,The Motley Fool,
2025-02-26 05:14:00+00:00,Bitcoin Has Been My Favorite Cryptocurrency to Buy So Far in 2025. Here's Why.,"The world's top cryptocurrency has been remarkably fragile when it comes to inflation, tariffs, and any news related to monetary or fiscal policy. That shouldn't be happening because, historically ...",https://www.fool.com/investing/2025/02/26/bitcoin-has-been-my-favorite-cryptocurrency-to-buy/,,The Motley Fool,
2025-02-26 07:30:00+00:00,"From Volatility to Fraud, Is Investing in Cryptocurrency Just Too Risky?",Crypto's underlying blockchain -- a cryptocurrency's digital ledger that records and secures its own transfers -- just sidesteps the need for a centralized clearinghouse to facilitate these purchases.,https://www.fool.com/investing/2025/02/26/from-volatility-to-fraud-is-investing-in-cryptocur/,,The Motley Fool,
2025-02-26 14:08:00+00:00,Cryptocurrency firm founder extradited from Portugal to face US fraud charges,BOSTON (Reuters) - The founder of a cryptocurrency financial services firm has been extradited from Portugal to face U.S. charges that he participated in a wide-ranging scheme to manipulate the ...,https://finance.yahoo.com/news/cryptocurrency-firm-founder-extradited-portugal-190852601.html,,Yahoo Finance,
2025-02-26 15:38:00+00:00,ED cracks down on ₹600 crore cryptocurrency fraud across multiple cities including Delhi and Mumbai,"The Enforcement Directorate (ED) has launched a major crackdown on cryptocurrency-related fraud, conducting search operations across Delhi, Jaipur, and Mumbai under the Foreign Exchange Management ...",https://www.businesstoday.in/technology/news/story/ed-cracks-down-on-rs600-crore-cryptocurrency-fraud-across-multiple-cities-including-delhi-and-mumbai-465986-2025-02-26,,Business Today,
2025-02-26 19:51:00+00:00,"Bitcoin has tipped into a bear market, slipping 23% from January highs","A stretch of crypto scandals, disappointing policy updates, and one big hack have helped push bitcoin into bear-market territory this week. The aggressive sell-off has pushed the price of the top ...",https://www.businessinsider.com/bitcoin-bear-market-btc-price-crypto-cryptocurrency-trump-policy-etf-2025-2,,Business Insider,BTC
2025-02-26 19:51:00+00:00,"Bitcoin has tipped into a bear market, slipping 23% from January highs","The apex cryptocurrency lost its footing as investors grew disappointed by the Trump administration's early moves. The president ran on a crypto-friendly platform, and traders had hoped for more ...",https://www.businessinsider.com/bitcoin-bear-market-btc-price-crypto-cryptocurrency-trump-policy-etf-2025-2,,Business Insider,
2025-02-26 20:17:00+00:00,It's Not Hard to Figure Out Why Some Democrats Are Suddenly Pro-Crypto,Democrats are barreling toward a new clash over cryptocurrency policy that could pit a growing cadre of industry-friendly lawmakers in the party against the left's loudest voice on financial ...,https://www.esquire.com/news-politics/politics/a63938515/cryptocurrency-lawmakers-clash-elizabeth-warren/,,Esquire,
2025-02-27 05:04:00+00:00,Trump supporters lose $12bn as president's cryptocurrency collapses,"$Trump, Donald Trump's meme coin unveiled the weekend before his inauguration - Jonathan Raa/NurPhoto Donald Trump's supporters have lost more than $12bn (£9.5bn ...",https://finance.yahoo.com/news/trump-supporters-lose-12bn-president-130350527.html,,Yahoo Finance,
2025-02-27 21:46:00+00:00,Top Crypto Wallets of March 2025,"Think of a bitcoin wallet like a regular wallet but for your cryptocurrency. It stores your digital assets and private keys in one secure place, only accessible to you. Crypto wallets come in two ...",https://www.businessinsider.com/personal-finance/investing/best-bitcoin-wallet,,Business Insider,
2025-02-28 00:00:00+00:00,When will Bitcoin price bottom?,"Bitcoin (BTC) is in danger of violating its old all-time highs from March 2024 as BTC price losses erase the entire ""Trump pump."" Where could BTC/USD finally bottom? Cointelegraph takes a look ...",https://cointelegraph.com/news/when-will-bitcoin-price-bottom,,CoinTelegraph,BTC
2025-02-28 14:45:00+00:00,Bitcoin news live: Crypto crashing as market has worst month in three years - updates,Argentina's crypto economy is reeling from the collapse of a cryptocurrency that has raised questions about involvement of the country's president and concerns that foreign investors will be ...,https://www.standard.co.uk/news/tech/crypto-news-live-latest-updates-bitcoin-price-fall-crashing-b1213912.html,,London Evening Standard,
2025-02-28 15:34:00+00:00,Best Cryptocurrency Exchanges in March 2025,"The best cryptocurrency exchanges work similarly to the best stock trading apps, offering competitive fees and resources on digital marketplaces like mobile or desktop. A crypto exchange allows ...",https://www.businessinsider.com/personal-finance/investing/best-crypto-bitcoin-exchanges,,Business Insider,
2025-03-01 00:00:00+00:00,Cryptocurrency,"The reserve will hold cryptocurrency forfeited to the government in criminal or civil proceedings, said the White House. Trump named five cryptocurrencies he wanted in a potential national reserve ...",https://www.bbc.com/news/topics/cyd7z4rvdm3t,,BBC,
2025-03-01 12:46:00+00:00,How Does Cryptocurrency Work?,Blockchain technology records every transaction in a tamper-proof distributed ledger. A cryptocurrency is a digital currency managed by a distributed network of devices. Unlike traditional ...,https://www.fool.com/investing/stock-market/market-sectors/financials/cryptocurrency-stocks/how-it-works/,,The Motley Fool,
2025-03-01 14:42:00+00:00,Tamannaah Bhatia Denies Reports Of Involvement In Rs 2.4 Crore Cryptocurrency Fraud Case - Read Statement,Tamannaah Bhatia has addressed recent reports linking her to a cryptocurrency scam. She firmly denied any involvement in the alleged Rs 2.4 crore fraud. The actress has made it clear that she has ...,https://www.ndtv.com/entertainment/tamannaah-bhatia-denies-reports-of-involvement-in-rs-2-4-crore-cryptocurrency-fraud-case-read-statement-7820822,,NDTV,
2025-03-02 00:00:00+00:00,Crypto prices jump as Trump touts national crypto reserve,"Cryptocurrency prices surged Sunday after President Donald Trump heralded the creation of a national ""reserve"" for a variety of cryptocurrencies, from bitcoin to lesser-known digital tokens. On his Truth Social platform, Trump said a ""Crypto ...",https://www.washingtonpost.com/business/2025/03/02/trump-crypto-reserve-announcement/,,The Washington Post,
2025-03-02 05:06:00+00:00,How to Find New Cryptocurrencies for Investment,"DragonImages / Getty Images It can be a challenge to find a cryptocurrency besides Bitcoin or Ethereum that might be worth the investment. If you're somewhat new to cryptocurrency, it's quite ...",https://www.investopedia.com/news/how-find-your-next-cryptocurrency-investment/,,Investopedia,
2025-03-03 00:00:00+00:00,Trump attempts to bail out his wealthy cryptocurrency backers with 'U.S. crypto reserve',"President Donald Trump and his ""crypto czar"" David Sacks are being accused of corruption over their U.S. cryptocurrency reserve plans. Credit: Samuel Corum/Sipa/Bloomberg via Getty Images Just a ...",https://mashable.com/article/trump-us-strategic-crypto-reserve-david-sacks-connection,,Mashable,
2025-03-03 00:00:00+00:00,Kraken says US SEC to dismiss lawsuit against the cryptocurrency exchange,"NEW YORK, March 3 (Reuters) - Kraken, one of the world's largest cryptocurrency exchanges, said on Monday the U.S. Securities and Exchange Commission agreed in principle to dismiss a civil lawsuit ...",https://www.reuters.com/legal/kraken-says-sec-dismiss-lawsuit-2025-03-03/,,Reuters,
2025-03-03 07:38:00+00:00,Kraken says US SEC to dismiss lawsuit against the cryptocurrency exchange,"NEW YORK (Reuters) -Kraken, one of the world's largest cryptocurrency exchanges, said on Monday the U.S. Securities and Exchange Commission agreed in principle to dismiss a civil lawsuit accusing ...",https://finance.yahoo.com/news/kraken-says-sec-dismiss-lawsuit-153805549.html,,Yahoo Finance,
2025-03-03 15:53:00+00:00,10 Crypto Influencers To Consider Following on Social Media,"He goes in-depth to create informative and actionable content around monetary policy, the economy, investing, fintech, and cryptocurrency. After leaving the U.S. Marine Corp. in 2014, he has ...",https://www.investopedia.com/crypto-influencers-you-should-follow-5224141,,Investopedia,
2025-03-03 15:58:00+00:00,Bitcoin jumps after Trump strategic reserve announcement,The cryptocurrency market surged over the weekend after President Trump announced his plans to create a strategic crypto reserve and hinted at details about the highly anticipated plan.,https://thehill.com/policy/technology/5172634-bitcoin-price-surges-trump-announces-crypto-reserve/,,The Hill,
2025-03-03 18:07:00+00:00,Cryptocurrencies give up gains after major boost following Donald Trump backing crypto 'strategic reserve',"""I will make sure the US is the Crypto Capital of the World."" Bitcoin, the world's largest cryptocurrency by market value, fell to around $86,000 as of 4 p.m. ET on Monday, while ...",https://nypost.com/2025/03/03/business/cryptocurrency-gets-major-boost-after-donald-trump-backs-crypto-strategic-reserve/,,New York Post,
2025-03-04 06:46:00+00:00,Understanding Blockchain Technology,Before writing full... Michael AdamsFormer Cryptocurrency and Investing Expert Editor Michael Adams is a former Cryptocurrency and Investing Expert Editor at Forbes Advisor. He's researched ...,https://www.forbes.com/advisor/investing/cryptocurrency/what-is-blockchain/,,Forbes,
2025-03-04 09:38:00+00:00,Top Cryptocurrency Stocks You Should Purchase for Solid Returns,"The world's most popular cryptocurrency, Bitcoin, and other cryptocurrencies like Ether are powered by the blockchain technology, which comprises complex cryptography and software that creates ...",https://finance.yahoo.com/news/top-cryptocurrency-stocks-purchase-solid-173800872.html,,Yahoo Finance,
2025-03-05 00:00:00+00:00,"US authorities begin releasing some seized cryptocurrency miners, industry executives say","DETROIT, March 5 (Reuters) - U.S. authorities have in recent weeks begun releasing seized Chinese-made equipment used for cryptocurrency mining, two industry executives told Reuters ...",https://www.reuters.com/technology/us-authorities-begin-releasing-some-seized-cryptocurrency-miners-industry-2025-03-05/,,Reuters,
2025-03-05 09:01:00+00:00,Introducing the National Cryptocurrency Association to Help Americans Make Sense of Crypto,"MIAMI--(BUSINESS WIRE)--The National Cryptocurrency Association (NCA), a new non-profit organization dedicated to helping Americans better understand crypto, launches today with the goal of boosting crypto literacy and safe adoption across the country.",https://www.businesswire.com/news/home/20250305669872/en/,,Business Wire,
2025-03-05 14:00:00+00:00,Ripple launches nonprofit National Cryptocurrency Association,The cryptocurrency platform Ripple is launching a nonprofit focused on educating Americans about the world of crypto. The National Cryptocurrency Association (NCA) aims to offer educational tools ...,https://thehill.com/policy/technology/5176659-ripple-launches-non-profit-national-cryptocurrency-association/,,The Hill,
2025-03-07 01:57:00+00:00,Trump Signs Executive Order Officially Establishing Crypto Reserve,"The U.S.'s stockpile will favor bitcoin and won't include purchases that cost taxpayers money, the Trump administration says.",https://www.msn.com/en-us/money/markets/trump-signs-executive-order-officially-establishing-crypto-reserve/ar-AA1ApMAK,,The Wall Street Journal,
2025-03-07 08:05:00+00:00,Cryptocurrency News,The cryptocurrency exchange Bybit lost $1.5 billion to North Korean hackers last month — and it all traced back to an account on a free digital storage service. By David Yaffe-Bellany The end ...,https://www.nytimes.com/spotlight/cryptocurrency,,The New York Times,
2025-03-07 10:50:00+00:00,Trump signs order to establish strategic bitcoin reserve,"U.S. President Donald Trump has signed an executive order to establish a strategic reserve of cryptocurrencies by using tokens already owned by the government, disappointing some in the market who had hoped for a firm plan to buy new tokens.",https://www.reuters.com/technology/trump-signs-order-establish-strategic-bitcoin-reserve-white-house-crypto-czar-2025-03-07/,,Reuters,
2025-03-07 15:50:00+00:00,"U.S. works with Germany, Finland to disrupt terror-supporting cryptocurrency exchange","March 7 (UPI) --Working with Germany and Finland, U.S. officials disrupted and took down the online infrastructure used to operate Garantex, a cryptocurrency exchange that allegedly facilitated ...",https://www.upi.com/Top_News/World-News/2025/03/07/germany-finland-garantex-cryptocurrency-exchange-disrupted/5061741373259/,,UPI,
2025-03-07 18:53:00+00:00,Trump is establishing a U.S. crypto reserve. What is bitcoin again?,"Industry leaders are meeting with President Donald Trump for the first-ever White House cryptocurrency summit Friday, a day after he signed an executive order to establish a Strategic Bitcoin ...",https://www.usatoday.com/story/money/2025/03/07/trump-crypto-reserve-what-is-bitcoin/81931944007/,,USA Today,BTC
2025-03-07 21:00:00+00:00,Trump is establishing a U.S. crypto reserve. What is bitcoin again?,"The idea for the U.S. digital asset stockpile is part of Trump's plans to ""make sure the U.S. is the Crypto Capital of the World.""",https://www.msn.com/en-ca/money/markets/trump-is-establishing-a-u-s-crypto-reserve-what-is-bitcoin-again/ar-AA1Atcfv,,USA TODAY,
2025-03-07 22:30:57+00:00,Trump Signs Executive Order Creating a Strategic Bitcoin Reserve. What Does It Mean for Cryptocurrency?,"Similar to how the government has a reserve of other currencies such as gold, this reserve houses the country's digital currency.",https://www.msn.com/en-us/money/markets/trump-signs-executive-order-creating-a-strategic-bitcoin-reserve-what-does-it-mean-for-cryptocurrency/ar-AA1AtVyk,https://www.cnet.com/a/img/resize/511d7a10a23afef51a95ef553fa61647efd01373/hub/2025/01/29/f11cf59d-a006-459c-a618-56ed85969d87/gettyimages-2159371875.jpg?auto=webp&fit=crop&height=675&width=1200,CNET,
2025-03-08 01:59:00+00:00,The Forces That Flipped Trump From Crypto Critic to 'Crypto President',President Trump regaled a group of high-rollers visiting Mar-a-Lago about all his administration was doing for the cryptocurrency industry. Then he turned to all the crypto money he was making as ...,https://www.wsj.com/politics/policy/trump-crypto-president-meme-coin-0ca2c31b,,Wall Street Journal,
2025-03-08 08:00:00+00:00,A non-crypto person's guide to the 'bitcoin strategic reserve',"This week, the Trump White House announced a project that the crypto industry loves, skeptics hate, and that most people, reasonably, don't really care about: a ""bitcoin strategic reserve.""",https://www.cnn.com/2025/03/08/business/bitcoin-strategic-reserve-explained/index.html,,CNN,BTC
2025-03-09 14:00:00+00:00,"Tether And Bitcoin Have A Loud, Routinely Ignored Dollar Problem","SYMBOL - 23 April 2024, Baden-Württemberg, Rottweil: The logos of the cryptocurrencies Bitcoin ... [+] (BTC), Ethereum (ETH), the stablecoin Tether (USDT) and Binance Coin (BNB) can be seen on ...",https://www.forbes.com/sites/johntamny/2025/03/09/tether-and-bitcoin-have-a-loud-routinely-ignored-dollar-problem/,,Forbes,BTC
2025-03-09 23:59:00+00:00,The hidden cryptocurrency investing risk no-one is talking about,"But if you bought it, the tax to worry about is capital gains tax (CGT). If you bust the limit when selling cryptocurrency, basic-rate taxpayers could pay 18% on gains, while higher and additional rate taxpayers could be saddled with a 24% levy.",https://uk.finance.yahoo.com/news/tax-risk-cryptocurrency-bitcoin-ethereum-060030986.html,,Yahoo Finance,
2025-03-11 10:10:00+00:00,"Japan's WAFUU.COM Launches Cryptocurrency Payments: 16 Supported Assets, 83 Wallets, 22 Exchanges","QRESTIA Inc. (Headquarters: Shibuya, Tokyo; President & CEO: Hidemasa Fukada) is pleased to announce that its cross-border e-commerce site, WAFUU.COM, has started accepting cryptocurrency payments.",https://www.businesswire.com/news/home/20250310405941/en/Japan’s-WAFUU.COM-Launches-Cryptocurrency-Payments-16-Supported-Assets-83-Wallets-22-Exchanges/,,Business Wire,
2025-03-11 14:28:00+00:00,"Can anyone create a cryptocurrency? Trump coin, Hawk Tuah coin and more crypto in 2025","New cryptocurrency tokens seem to spawn by the day. From President Trump's meme coin to Hawk Tuah and other online influencers pushing tokens of their own, there's no shortage of launches within ...",https://www.cincinnati.com/story/money/2025/03/11/create-cryptocurrency-steps-cost-trump-coin/81743445007/,,The Cincinnati Enquirer,
2025-03-12 00:00:00+00:00,Best Crypto IRAs,"Cryptocurrency IRAs provide a unique advantage by allowing investors to defer capital gains tax, so long as their investments remain within the IRA account. This deferral is more beneficial than ...",https://www.benzinga.com/money/best-crypto-ira,,Benzinga.com,
2025-03-12 00:25:55+00:00,GOP lawmakers propose creating U.S. strategic Bitcoin reserve,Newly introduced U.S. House and Senate bills would create a strategic Bitcoin reserve with the aim of strengthening the nation's economic foundation.,https://www.msn.com/en-us/money/markets/gop-lawmakers-propose-creating-us-strategic-bitcoin-reserve/ar-AA1AJc2p,https://cdnph.upi.com/sv/ph/og/upi/2311741733538/2025/1/fe6c01d012d99c253532fd67c49f33c4/v1.5/GOP-lawmakers-propose-creating-US-strategic-Bitcoin-reserve.jpg,UPI,BTC
2025-03-12 00:52:00+00:00,Franklin Templeton Files for XRP ETF as Cryptocurrency Adoption Grows Among Asset Managers,"XRP, created by U.S.-based company Ripple, has a market capitalization of approximately $124 billion, making it the world's fourth-largest cryptocurrency. This filing is part of a broader shift ...",https://finance.yahoo.com/news/franklin-templeton-files-xrp-etf-075103072.html,,Yahoo Finance,
2025-03-12 12:15:00+00:00,Why Banks In The U.S. May Be Permitted To Own Cryptocurrency,"Banks need to enter the market. Regulatory uncertainty, concerns over volatility, and the perceived risks associated with digital assets have kept banks on the sidelines.",https://www.forbes.com/sites/digital-assets/2025/03/12/why-banks-in-the-us-may-be-permitted-to-own-cryptocurrency/,,Forbes,
2025-03-12 14:47:00+00:00,7 Best Cryptocurrency ETFs to Buy,"There is no shortage of cryptocurrency ETFs available, ranging from spot Bitcoin and Ethereum funds to more sophisticated derivative-based strategies that offer income generation or leverage.",https://money.usnews.com/investing/articles/best-cryptocurrency-etfs-to-buy,,U.S. News & World Report,
2025-03-12 21:46:00+00:00,India arrests man accused of running $96 billion crypto exchange at request of US,"Indian authorities have arrested Aleksej Besciokov, who was wanted by the US for allegedly running a $96 billion cryptocurrency exchange that facilitated money laundering. The arrest follows a US ...",https://www.cnn.com/2025/03/12/politics/india-arrests-lithuanian-crypto-exchange/index.html,,CNN,
2025-03-13 15:53:05+00:00,Cryptocurrency's transparency is a mirage: New research shows a small group of insiders influence its value,"Crypto-believers often blame greedy financiers as the cause of the Great Recession, but crypto is not immune to these same risks.",https://www.msn.com/en-ca/money/other/cryptocurrency-s-transparency-is-a-mirage-new-research-shows-a-small-group-of-insiders-influence-its-value/ar-AA1ARtt2,"https://images.theconversation.com/files/653910/original/file-20250307-56-ucvb22.jpg?ixlib=rb-4.1.0&rect=36,495,5970,2980&q=45&auto=format&w=1356&h=668&fit=crop",The Conversation,
2025-03-13 18:30:00+00:00,Oversight Democrats launch review of crypto reserve 'poised to enrich' Trump,"House Oversight Democrats are encouraging President Trump to abandon his plans for a crypto reserve, calling it a strategy to enrich himself at taxpayer expense. The reserve, announced by Trump",https://www.msn.com/en-us/news/politics/oversight-democrats-launch-review-of-crypto-reserve-poised-to-enrich-trump/ar-AA1ARYso,,The Hill,
2025-03-14 00:00:00+00:00,Russia News,"The ruble serves as Russia's national currency. Cryptocurrency usage in Russia faces restrictions due to legislation, including President Vladimir Putin's 2020 law legalizing but banning ...",https://cointelegraph.com/tags/russia,,CoinTelegraph,
2025-03-14 13:00:00+00:00,Bitcoin: The Last Opportunity Of 2025,"Despite Trump's pro-Bitcoin stance, I predict a coming bear market for Bitcoin, with a potential final peak at $125K before a significant drop. Bitcoin's recent 30% drop offers a potential buying ...",https://seekingalpha.com/article/4767407-bitcoin-the-last-opportunity-of-2025,,Seeking Alpha,BTC
2025-03-14 13:35:38+00:00,Worst crypto cycle ever? Community and history say otherwise,"The current crypto market state might look grim to some, but it's far from being the most brutal on record, and many community members remain bullish.",https://www.msn.com/en-us/money/markets/worst-crypto-cycle-ever-community-and-history-say-otherwise/ar-AA1AVDpE,"https://images.cointelegraph.com/cdn-cgi/image/format=auto,onerror=redirect,quality=90,width=1200/https://s3.cointelegraph.com/uploads/2025-03/0195941d-decf-735f-9642-0abdc2894362",Cointelegraph,
2025-03-14 13:57:00+00:00,Trump's Crypto Plan: Which Cryptocurrency Sectors Are Hot -- and Which Are Not,"The new year started off with considerable fanfare for the cryptocurrency market. Under President Donald Trump's crypto plan, America was going to become ""the crypto capital of the world.""",https://finance.yahoo.com/news/trumps-crypto-plan-cryptocurrency-sectors-175751213.html,,Yahoo Finance,
2025-03-14 14:19:03+00:00,Outlook Bitcoin 2025: what is in store for the leading cryptocurrency?,"The crypto has stabilized and remained the best virtual asset capable of beating every vagary thrown to it by the market cycles while proving resilient once again. Most investors, analysts, and financial institutions are left questioning where BTC heads as 2025 draws closer.",https://www.msn.com/en-us/money/economy/outlook-bitcoin-2025-what-is-in-store-for-the-leading-cryptocurrency/ar-AA1AVlUc,https://img-s-msn-com.akamaized.net/tenant/amp/entityid/AA1AVxTg.img?w=1880&h=1159&m=4&q=73,Racine County Eye,
2025-03-14 15:16:05+00:00,Best Cryptos to Join for Long-Term: Qubetics Breaks $15M as Bitcoin Price Prediction Hits $150K And Chainlink Struggles,"Explore Qubetics, Bitcoin, and Chainlink—three of the best cryptos to join for long-term potential. Learn about $TICS, Bitcoin price predictions, and more.",https://www.msn.com/en-us/technology/cryptocurrencies/best-cryptos-to-join-for-long-term-qubetics-breaks-15m-as-bitcoin-price-prediction-hits-150k-and-chainlink-struggles/ar-AA1AVS19,https://img-s-msn-com.akamaized.net/tenant/amp/entityid/AA1AVKsd.img?w=1200&h=675&m=4&q=100,Week99er,
2025-03-15 13:47:38+00:00,"Rising $219B stablecoin supply signals mid-bull cycle, not market top","Crypto markets will continue to lack direction until next week's FOMC meeting on March 19, analysts told Cointelegraph.",https://www.msn.com/en-us/money/markets/rising-219b-stablecoin-supply-signals-mid-bull-cycle-not-market-top/ar-AA1AZ4TV,"https://images.cointelegraph.com/cdn-cgi/image/format=auto,onerror=redirect,quality=90,width=1200/https://s3.cointelegraph.com/uploads/2025-03/019599fe-1866-72a6-b2a2-b07fb2bd98c1",Cointelegraph,
2025-03-16 00:00:00+00:00,Cryptocurrency News,CEO Paolo Ardoino claims vindication amid scrutiny over reserves and alleged criminal use as the cryptocurrency's value has increased to $137 billion. Cryptocurrency prices extended their slide ...,https://www.livemint.com/topic/cryptocurrency,,Mint,
2025-03-16 00:00:00+00:00,Uber angel investor stirs Bitcoin debate with 'build a better Bitcoin' remark,"Bitcoiners worldwide strongly disagreed with prominent angel investor Jason Calacanis' ""build a better Bitcoin"" comment, arguing that layer-2s can fill any functionality gaps. A technology ...",https://cointelegraph.com/news/jason-calacanis-build-better-bitcoin-controversy-bitcoin-community,,CoinTelegraph,BTC
2025-03-16 09:24:00+00:00,"1 Unstoppable Cryptocurrency to Buy Before It Soars 1,660%, According to Cathie Wood's ARK Invest","Cathie Wood is one of the most vocal bulls on Wall Street when it comes to the potential of the technology sector. She founded ARK Investment Management, which operates several exchange-traded funds (ETFs) focused on investing exclusively in innovative technologies like cryptocurrency, artificial intelligence (AI), robotics, and more.",https://www.msn.com/en-us/money/other/1-unstoppable-cryptocurrency-to-buy-before-it-soars-1660-according-to-cathie-woods-ark-invest/ar-AA1B0NWZ,,The Motley Fool,
2025-03-17 12:03:31+00:00,"Crypto market's biggest risks in 2025: US recession, circular crypto economy","Crypto's biggest risks for 2025 remain a potential US recession and the ""circular"" nature of the crypto economy in need of more revenue-generating models, according to Tezos' Breitman.",https://www.msn.com/en-us/money/news/crypto-market-s-biggest-risks-in-2025-us-recession-circular-crypto-economy/ar-AA1B5ug4,"https://images.cointelegraph.com/cdn-cgi/image/format=auto,onerror=redirect,quality=90,width=1200/https://s3.cointelegraph.com/uploads/2025-02/0194ef12-e8fc-7aeb-99ed-1fa9ea38d08e",Cointelegraph,
2025-03-17 19:00:00+00:00,New BITCOIN Act would allow US reserve to exceed 1M: Law Decoded,"Democratic lawmaker Gerald Connolly urged the Treasury Department to cease its Bitcoin reserve plans, citing conflicts of interest with President Donald Trump.",https://cointelegraph.com/news/bitcoin-act-reserve-to-exceed-1-million-law-decoded,"https://images.cointelegraph.com/cdn-cgi/image/format=auto,onerror=redirect,quality=90,width=1200/https://s3.cointelegraph.com/uploads/2025-03/0195a422-ace7-76fb-b8d4-feacc628852b",Cointelegraph,BTC
2025-03-17 22:09:00+00:00,1 Simple Lesson That Most Cryptocurrency Investors Learn the Hard Way,"Hard knocks tend to teach lessons that don't get forgotten, in investing as well as in life. But as most investors know, learning from someone else's experiences is a far better way of deriving hard-earned wisdom than going through the difficulty of stumbling over challenges yourself.",https://www.msn.com/en-us/money/savingandinvesting/1-simple-lesson-that-most-cryptocurrency-investors-learn-the-hard-way/ar-AA1B76Od,https://media.ycharts.com/charts/d5e2d6634c6cf67ce02224f439b847da.png,The Motley Fool,
2025-03-18 00:00:00+00:00,Cryptocurrency Dogecoin (DOGE) News,"Dogecoin (DOGE) is a cryptocurrency built around the popular ""doge"" meme featuring a Shiba Inu. Founder Jackson Palmer announced the project on Twitter in November 2013 as a joke. When friends ...",https://cointelegraph.com/tags/dogecoin,,CoinTelegraph,
2025-03-18 10:59:52+00:00,"Bitcoin beats global assets post-Trump election, despite BTC correction","Bitcoin outperformed all the major traditional market segment's since Trump's inauguration, despite seeing a significant correction during the US debt suspension period.",https://www.msn.com/en-us/money/markets/bitcoin-beats-global-assets-post-trump-election-despite-btc-correction/ar-AA1BaoD0,"https://images.cointelegraph.com/cdn-cgi/image/format=auto,onerror=redirect,quality=90,width=1200/https://s3.cointelegraph.com/uploads/2025-03/01959c4b-5323-7b7a-85a3-e5db89e081b1",Cointelegraph,BTC
2025-03-18 13:45:08+00:00,Coinbase stock may rally to $310 on Trump-led crypto policies,"Coinbase stock may surge over 64% based on Bernstein's prediction, which cites improving crypto regulatory conditions in the US.",https://www.msn.com/en-us/money/markets/coinbase-stock-may-rally-to-310-on-trump-led-crypto-policies/ar-AA1BaiKT,"https://images.cointelegraph.com/cdn-cgi/image/format=auto,onerror=redirect,quality=90,width=1200/https://s3.cointelegraph.com/uploads/2025-03/0195a976-73e2-76b0-a522-4a42ed4bb79f",Cointelegraph,
2025-03-19 04:05:00+00:00,The Energy Costs of Cryptocurrency,Scholar proposes legal solutions to regulate cryptocurrency mining's energy consumption in a climate-friendly way.,https://www.theregreview.org/2025/03/19/bradley-the-energy-costs-of-cryptocurrency/,https://www.theregreview.org/wp-content/uploads/2025/03/BradleyCrypto-1434149985.jpg,The Regulatory Review,
2025-03-19 05:43:53+00:00,"Bitcoin is just seeing a 'normal correction,' cycle peak is yet to come: Analysts","Bitcoin's cycle peak is on the horizon, but macroeconomic conditions are clouding its near-term direction, according to several crypto executives.",https://www.msn.com/en-us/money/savingandinvesting/bitcoin-is-just-seeing-a-normal-correction-cycle-peak-is-yet-to-come-analysts/ar-AA1Bdrlb,"https://images.cointelegraph.com/cdn-cgi/image/format=auto,onerror=redirect,quality=90,width=1200/https://s3.cointelegraph.com/uploads/2025-01/019465da-6a21-7de7-9365-ea94cbe2d0b8",Cointelegraph,BTC
2025-03-19 08:09:00+00:00,The Bitcoin Boom: 80 Public Companies Are Betting Big on BTC in 2025,"The number of public companies holding Bitcoin has grown 142% since 2023, signaling stronger corporate confidence in digital assets.",https://beincrypto.com/public-companies-hold-bitcoin-surge-2025/,,BeInCrypto,BTC
2025-03-19 08:15:00+00:00,Bitcoin Is at Its Lowest Level Since November 2024. Should Investors Be Worried?,Bitcoin is down about 25% from its all-time high in January. Bitcoin has a strong historical track record of bouncing back from declines. Bitcoin's historical volatility is actually lower than ever. The first thing you should know is that Bitcoin has gone ...,https://www.msn.com/en-us/money/savingandinvesting/bitcoin-is-at-its-lowest-level-since-november-2024-should-investors-be-worried/ar-AA1BdAcU,https://g.foolcdn.com/image/?url=https://g.foolcdn.com/editorial/images/811460/investor-analyst-watching-trends.jpg&op=resize&w=700,The Motley Fool,BTC
2025-03-19 10:08:21+00:00,Community slams Crypto.com CEO over 70B CRO re-issuance,"After coming under fire for an allegedly manipulated vote leading to a 70 billion CRO burn reversal, Crypto.com will host an AMA on March 25.",https://www.msn.com/en-us/money/markets/community-slams-cryptocom-ceo-over-70b-cro-re-issuance/ar-AA1BeWcR,,Cointelegraph,
2025-03-19 13:09:00+00:00,Bitcoin Price Steady on Bank of Japan Interest Rate Decision as Fed Speech Looms,The Bitcoin price was largely unmoved as Bank of Japan voted unanimously to leave its interest rate unchanged. Will the Fed do the same?,https://decrypt.co/310597/bitcoin-unmoved-powell-speech,https://cdn.decrypt.co/resize/1024/height/512/wp-content/uploads/2024/10/bitcoin-btc-stacks-coins-gID_7.png,Decrypt,BTC
2025-03-19 13:29:19+00:00,"Bitcoin Could Reach $200,000 In 2025 If Fed Relaxes Policy, Bitwise's Matt Hougan Says","Matt Hougan, Chief Investment Officer at Bitwise, believes Bitcoin (CRYPTO: BTC) could more than double to $200,000 by the end of 2025, provided the Federal Reserve takes steps to",https://www.msn.com/en-us/money/markets/bitcoin-could-reach-200000-in-2025-if-fed-relaxes-policy-bitwises-matt-hougan-says/ar-AA1Bf20W,https://cdn.benzinga.com/files/images/story/2025/03/19/Trump-Bitcoin.jpeg?width=1200&height=800&fit=crop,Benzinga,BTC
2025-03-19 13:56:53+00:00,Bitcoin may recover to $90K amid easing inflation concerns after FOMC meeting,"Bitcoin's recovery to $90,000 may depend on today's upcoming FOMC meeting on US interest rates, analysts told Cointelegraph.",https://www.msn.com/en-us/money/markets/bitcoin-may-recover-to-90k-amid-easing-inflation-concerns-after-fomc-meeting/ar-AA1BfcgH,"https://images.cointelegraph.com/cdn-cgi/image/format=auto,onerror=redirect,quality=90,width=1200/https://s3.cointelegraph.com/uploads/2025-03/0195ae8c-3249-74a2-a673-1754d79fc9e1",Cointelegraph,BTC
2025-03-19 14:25:21+00:00,Bitcoin risks new 'death cross' as BTC price tackles $84K resistance,"Analyzing BTC price action, popular trader and analyst Rekt Capital hoped that the upside gap in CME's Bitcoin futures market would be fully ""filled"" with a spike to $87,000. Such gaps, as Cointelegraph reported, continue to act as short-term price magnets.",https://www.msn.com/en-us/money/markets/bitcoin-risks-new-death-cross-as-btc-price-tackles-84k-resistance/ar-AA1BfhyS,"https://images.cointelegraph.com/cdn-cgi/image/format=auto,onerror=redirect,quality=90,width=1200/https://s3.cointelegraph.com/uploads/2025-03/0195aec3-bc76-71a5-939f-65e834e4d790",Cointelegraph,BTC
2025-03-19 19:26:48+00:00,"Bitcoin runs toward $86K after Fed maintains course, projecting two rate cuts in 2025","The DOW also added 400 points, while the S&P 500 index gained 77. Powell and Fed policymakers' verbal commitment to two additional rate cuts in 2025 also line up with crypto traders' expectations and could further buoy the current recovery in Bitcoin price.",https://www.msn.com/en-us/money/markets/bitcoin-runs-toward-86k-after-fed-maintains-course-projecting-two-rate-cuts-in-2025/ar-AA1BgmRg,"https://images.cointelegraph.com/cdn-cgi/image/format=auto,onerror=redirect,quality=90,width=1200/https://s3.cointelegraph.com/uploads/2025-03/0195afa1-d5ea-7c74-b78a-1c66d74ac0ae",Cointelegraph,BTC
2025-03-19 22:00:04+00:00,7 Top Cryptocurrencies to Buy Today (March 19th): Breaking Boundaries in Blockchain and DeFi,"The cryptocurrency space is a rapidly changing landscape, with new projects constantly entering the scene, and existing ones evolving to meet the needs of an expanding digital economy. As the market matures,",https://www.msn.com/en-us/money/general/7-top-cryptocurrencies-to-buy-today-march-19th-breaking-boundaries-in-blockchain-and-defi/ar-AA1BgBis,https://img-s-msn-com.akamaized.net/tenant/amp/entityid/AA1BgBi6.img?w=1280&h=720&m=4&q=100,Week99er,
2025-03-19 22:30:00+00:00,Bitcoin long-term holder behavior shift signals 'unique market dynamic' — Research,Bitcoin's 30% correction was not strong enough to shake out long-term holders. Is it time for the bull market to resume?,https://www.msn.com/en-us/money/savingandinvesting/bitcoin-long-term-holder-behavior-shift-signals-unique-market-dynamic-research/ar-AA1BgIb3,"https://images.cointelegraph.com/cdn-cgi/image/format=auto,onerror=redirect,quality=90,width=1200/https://s3.cointelegraph.com/uploads/2025-03/0195aeb2-e53f-779d-bf33-6e3d4cd638e5",Cointelegraph,BTC
2025-03-20 04:54:52+00:00,US recession would be a big catalyst for Bitcoin: BlackRock,"Bitcoin could benefit from a US recession as it is catalyzed by increased fiscal spending, deficit accumulation, lower interest rates, BlackRock's Robbie Mitchnick said.",https://www.msn.com/en-us/money/markets/us-recession-would-be-a-big-catalyst-for-bitcoin-blackrock/ar-AA1BibKh,"https://images.cointelegraph.com/cdn-cgi/image/format=auto,onerror=redirect,quality=90,width=1200/https://s3.cointelegraph.com/uploads/2025-03/0195b14b-ebc8-765c-99f3-307923ed32c5",Cointelegraph,BTC
2025-03-20 04:54:52+00:00,US recession would be a big catalyst for Bitcoin: BlackRock,"Bitcoin could benefit from a US recession as it is catalyzed by increased fiscal spending, deficit accumulation, lower interest rates, BlackRock's Robbie Mitchnick said.",https://www.msn.com/en-us/money/markets/us-recession-would-be-a-big-catalyst-for-bitcoin-blackrock/ar-AA1BibKh,"https://images.cointelegraph.com/cdn-cgi/image/format=auto,onerror=redirect,quality=90,width=1200/https://s3.cointelegraph.com/uploads/2025-03/0195b14b-ebc8-765c-99f3-307923ed32c5",Cointelegraph,
2025-03-20 07:05:00+00:00,Bitcoin price tags 2-week highs as markets bet big on Trump crypto news,"A ""wait-and-see"" approach was enough to relieve troubled risk assets, with Bitcoin joining US stocks in surging and finishing the day higher. The S&P 500 ended up by around 1% for the March 20 session, adding $500 billion in market cap.",https://www.msn.com/en-us/money/markets/bitcoin-price-tags-2-week-highs-as-markets-bet-big-on-trump-crypto-news/ar-AA1BicLZ,"https://images.cointelegraph.com/cdn-cgi/image/format=auto,onerror=redirect,quality=90,width=1200/https://s3.cointelegraph.com/uploads/2025-02/0195202e-51e1-7f04-ad3b-3edbc68f6af5",Cointelegraph,BTC
2025-03-20 08:30:00+00:00,"Has the Cryptocurrency Market Seen the Last of the ""Trump Bump""?","Unfortunately, the so-called Trump bump did not last long. Bitcoin ( BTC 2.92%) is now trading at nearly the same level it was just after the election. And some top cryptocurrencies are now down as much as 45% for the year. So it's perhaps only natural to ask: Have we seen the last of the Trump bump in the crypto market?",https://www.msn.com/en-us/money/markets/has-the-cryptocurrency-market-seen-the-last-of-the-trump-bump/ar-AA1Bioc8,,The Motley Fool,
2025-03-20 09:00:53+00:00,The crypto industry is advancing. (Just don't ask it where it's going.),"After a dramatic start to the year, the crypto industry is settling into a new reality — one in which the White House is laying out the red carpet and promising an unprecedented level of support.",https://www.msn.com/en-us/money/other/the-crypto-industry-is-advancing-just-don-t-ask-it-where-it-s-going/ar-AA1BirQx,,CNN,
2025-03-20 09:03:00+00:00,Cryptocurrency kiosks are everywhere and a favorite tool for scammers. This bill might help.,"The scams, Netto said, involve making payments using cryptocurrency ATMs, or ""crypto kiosks"" and ""virtual currency kiosks"" that can be found in supermarkets, shopping malls, gas stations and convenience stores. He estimated there are at least 120 in operation in Rhode Island today.",https://www.usatoday.com/story/news/politics/2025/03/20/cryptocurrency-kiosks-are-a-favorite-of-scammers-and-may-be-regulated-in-ri/82516177007/,"https://www.usatoday.com/gcdn/authoring/authoring-images/2025/01/12/PWIL/77647848007-getty-images-1246369662.jpg?crop=3935,2215,x0,y204&width=3200&height=1802&format=pjpg&auto=webp",USA TODAY,
2025-03-20 13:25:00+00:00,Pakistan Plans To Legalise Bitcoin And Crypto,Pakistan unveils plans to legalise bitcoin and crypto and implement a regulatory framework to attract foreign investment and boost adoption.,https://bitcoinmagazine.com/news/pakistan-plans-to-legalise-bitcoin-and-crypto,https://bitcoinmagazine.com/wp-content/uploads/2025/03/image-3.jpg,Bitcoin Magazine,BTC
2025-03-20 15:15:41+00:00,Trump says US will be 'Bitcoin superpower' as BTC price breaks 4-month downtrend,"President Donald Trump was due to deliver virtual remarks on the third day of the Blockworks Digital Asset Summit 2025 event in New York. Trump doubled down on his pledge not to sell confiscated US Bitcoin, as well as end regulatory mechanisms such as Operation Chokepoint 2.0. No new information on BTC purchases, however, was delivered.",https://www.msn.com/en-us/money/markets/trump-says-us-will-be-bitcoin-superpower-as-btc-price-breaks-4-month-downtrend/ar-AA1BkHau,"https://images.cointelegraph.com/cdn-cgi/image/format=auto,onerror=redirect,quality=90,width=1200/https://s3.cointelegraph.com/uploads/2025-01/0194b46b-60d1-701f-aecc-8bdb6b7b5a31",Cointelegraph,BTC
2025-03-20 20:45:00+00:00,Bitcoin volatility hits 3.6% amid heightened market uncertainty,"Bitcoin volatility has hit a level not seen since August 2024, according to CoinGlass, and the Paybis CRO says market uncertainties are to blame.",https://www.msn.com/en-us/money/markets/bitcoin-volatility-hits-36-amid-heightened-market-uncertainty/ar-AA1BkTIX,"https://images.cointelegraph.com/cdn-cgi/image/format=auto,onerror=redirect,quality=90,width=1200/https://s3.cointelegraph.com/uploads/2025-03/0195b547-1172-7147-a782-187d2ed8c6dd",Cointelegraph,BTC
2025-03-20 21:46:40+00:00,Bitcoin price thaws after Trump statement — Trader says 'stay nimble and cashed up',"Bitcoin whipsawed after President Trump's pro-crypto statement, leading traders to express mixed views on the direction BTC price could take in the short term.",https://www.msn.com/en-us/money/markets/bitcoin-price-thaws-after-trump-statement-trader-says-stay-nimble-and-cashed-up/ar-AA1BlBKT,"https://images.cointelegraph.com/cdn-cgi/image/format=auto,onerror=redirect,quality=90,width=1200/https://s3.cointelegraph.com/uploads/2025-03/019565b3-7ac8-7010-ab5a-572e34bdf115",Cointelegraph,BTC
2025-03-21 00:01:00+00:00,Cryptocurrency News | Today's Latest Stories | Reuters,"Technologycategory· March 21, 2025 Cryptocurrency firm founder pleads guilty in US to market manipulation scheme The founder of a cryptocurrency financial services firm pleaded guilty on Friday ...",https://www.reuters.com/markets/cryptocurrency/,,Reuters,
2025-03-21 06:34:43+00:00,Here's why Bitcoin price can't go higher than $87.5K,"Bitcoin has managed to sustain $80,000 as support for more than a week while hitting two-week highs of $87,500 on March 20. Despite following broad volatility across risk assets, BTC/USD may have gone even higher were it not for maneuvers of large-volume trading entities on exchange order books.",https://www.msn.com/en-us/money/markets/here-s-why-bitcoin-price-can-t-go-higher-than-875k/ar-AA1BmOW2,"https://images.cointelegraph.com/cdn-cgi/image/format=auto,onerror=redirect,quality=90,width=1200/https://s3.cointelegraph.com/uploads/2025-01/0194b08c-8e07-7754-b611-22e26afce9e4",Cointelegraph,BTC
2025-03-21 13:20:00+00:00,Is Bitcoin going to $65K? Traders explain why they're still bearish,"Bitcoin is recovering recent losses but struggles to sustain its uptrend, leading some analysts to predict a decline to as low as $65,000.",https://www.msn.com/en-us/money/markets/is-bitcoin-going-to-65k-traders-explain-why-theyre-still-bearish/ar-AA1Bp5eB,,Cointelegraph,BTC
2025-03-21 14:01:19+00:00,Trump's son to advise Japan's largest corporate holder of Bitcoin,"Metaplanet, a Japanese company with 3,200 Bitcoin in its holdings, has appointed US President Donald Trump's son Eric to its board of advisors.",https://www.msn.com/en-au/money/markets/trump-s-son-to-advise-japan-s-largest-corporate-holder-of-bitcoin/ar-AA1BoqnU,https://img-s-msn-com.akamaized.net/tenant/amp/entityid/AA1Bozfw.img?w=1200&h=800&m=4&q=89,TheStreet,BTC
2025-03-21 15:19:00+00:00,'The Mysterious Mr. Nakamoto' Review: Cryptocurrency's Ghostly Creator,"A digital publication in 2008 laid out the concept and technical methods for ""mining"" cryptocurrency. Its author didn't seem to want to take credit or reap the rewards.",https://www.msn.com/en-us/money/technology/the-mysterious-mr-nakamoto-review-cryptocurrency-s-ghostly-creator/ar-AA1BozO4,https://opinion-images.wsj.net/im-25393178/social,The Wall Street Journal,
2025-03-21 15:43:00+00:00,Who's running in Trump's race to make US a 'Bitcoin superpower?',"The US crypto industry has benefited greatly from preferential executive orders coming out of Trump's White House, including the establishment of a ""strategic Bitcoin reserve"" — a move advocates regard as a key metric for Bitcoin adoption.",https://cointelegraph.com/news/whos-running-trumps-race-us-bitcoin-superpower,"https://images.cointelegraph.com/cdn-cgi/image/format=auto,onerror=redirect,quality=90,width=1200/https://s3.cointelegraph.com/uploads/2025-03/0195b98e-ff78-79ee-82f0-438d66affc0f",Cointelegraph,BTC
2025-03-21 16:09:00+00:00,The FAIR Act Would Protect Bitcoin Holders,"The FAIR Act, legislation designed to protect people from civil asset forfeiture, would be a safeguard for Bitcoiners' coins.",https://bitcoinmagazine.com/politics/the-fair-act-would-protect-bitcoin-holders,https://bitcoinmagazine.com/wp-content/uploads/2025/03/The-FAIR-Act-Would-Protect-Bitcoin-Holders.png,Bitcoin Magazine,BTC
2025-03-21 17:07:00+00:00,The Mainstream Acceptance of Cryptocurrency in Today's Society,Does the wider acceptance of cryptocurrency allow digital assets to shape the future of finance in our increasingly digital world?,https://www.nwitimes.com/exclusive/article_c41db0cc-7c8d-53f6-ad46-a78f1e6385bd.html,,The Times of Northwest Indiana,
2025-03-21 17:49:00+00:00,Cryptocurrency firm founder pleads guilty in US to market manipulation scheme,The founder of a cryptocurrency financial services firm pleaded guilty on Friday to U.S. charges that he participated in a wide-ranging scheme to manipulate the market for digital tokens on behalf of client companies.,https://www.aol.com/news/cryptocurrency-firm-founder-pleads-guilty-174922541.html,https://media.zenfs.com/en/aol_reuters_29/bc55953aeefadf660acfb04ef0c2a742,AOL,
2025-03-21 18:05:00+00:00,"Bitcoin To Surge With or Without President Trump's Backing, Says deVere Group CEO - Here's His Six-Figure Target","The CEO of the financial services firm deVere Group, Nigel Green, is predicting Bitcoin (BTC) will hit a massive six-figure target in 2025 for one key reason that doesn't rely on US President Donald Trump's support.",https://dailyhodl.com/2025/03/21/bitcoin-to-surge-with-or-without-president-trumps-backing-says-devere-group-ceo-heres-his-six-figure-target/,https://dailyhodl.com/wp-content/uploads/2021/10/bitcoin-six-figure.jpg,The Daily Hodl,BTC
2025-03-21 19:21:00+00:00,Trump's top crypto advisor open to budget-neutral gold-to-Bitcoin reserve swap,"Bo Hines is open to budget-neutral gold-to-Bitcoin reserve swap, but it can not cost the tax payers any money.",https://cryptobriefing.com/bitcoin-reserve-proposal-gold-sale/,https://static.cryptobriefing.com/wp-content/uploads/2025/03/21151736/86a91460-f786-4379-ad11-22570c4d519c-800x420.jpg,Crypto Briefing,BTC
2025-03-21 20:15:00+00:00,How To Evaluate and Analyze Cryptocurrency,She has 15+ years of experience as a financial writer and technical analyst. Cryptocurrency is a newer and less regulated asset class than stocks or bonds. That makes careful evaluation even more ...,https://www.investopedia.com/analyze-crypto-6456223,,Investopedia,
2025-03-22 02:03:51+00:00,"Crypto VC giant targets $1B for new funds, expects oversubscription — Report","Haun Ventures is reportedly aiming to raise $1 billion for two new crypto-focused funds over the next three months, explaining that the smaller target, compared to its 2022 funding round, is due to ""market trends.",https://www.msn.com/en-us/money/other/crypto-vc-giant-targets-1b-for-new-funds-expects-oversubscription-report/ar-AA1BrAqo,"https://images.cointelegraph.com/cdn-cgi/image/format=auto,onerror=redirect,quality=90,width=1200/https://s3.cointelegraph.com/uploads/2025-03/0195bb7c-dac5-7a30-b4fe-387f42cb5218",Cointelegraph,
2025-03-22 12:04:59+00:00,Crypto markets will be pressured by trade wars until April: Analyst,"Crypto and traditional markets will be limited by trade war concerns until at least April 2, analysts told Cointelegraph.",https://www.msn.com/en-us/money/markets/crypto-markets-will-be-pressured-by-trade-wars-until-april-analyst/ar-AA1BrTbH,"https://images.cointelegraph.com/cdn-cgi/image/format=auto,onerror=redirect,quality=90,width=1200/https://s3.cointelegraph.com/uploads/2025-02/01953a96-7e2b-7086-ad5e-72f6e8377a33",Cointelegraph,
2025-03-22 12:50:00+00:00,White House Reveals How Trump Could Buy More Bitcoin—Priming A Price Earthquake,"If we actually realize the gains on [the U.S. gold holdings], that would be a budget-neutral way to acquire more bitcoin,"" Bo Hines, White House executive director of the pre",https://www.forbes.com/sites/digital-assets/2025/03/22/white-house-reveals-how-trump-could-buy-more-bitcoin-priming-a-price-earthquake/,"https://imageio.forbes.com/specials-images/imageserve/673ebf0b7db7a827666a7939/0x0.jpg?format=jpg&crop=1935,1214,x178,y194,safe&height=900&width=1600&fit=bounds",Forbes,BTC
2025-03-22 13:00:00+00:00,Consumer beware: Protecting Montanans from cryptocurrency scams | James Brown,Opinion: The Montana State Auditor's office is dedicated to both educating Montanans and protecting them from financial scams and investment fraud.,https://missoulian.com/opinion/column/article_e5ea807c-042d-11f0-abb0-0bc6dbf5a718.html,"https://bloximages.chicago2.vip.townnews.com/missoulian.com/content/tncms/assets/v3/editorial/e/5e/e5ea807c-042d-11f0-abb0-0bc6dbf5a718/67d9c7f4b5cea.preview.png?crop=410,410,0,73&resize=200,200&order=crop,resize",Missoulian,
2025-03-22 14:14:00+00:00,This Week in Bitcoin: Volatility Rises as ETFs Rebound and SEC Gives OK to Mining,"Bitcoin had a relatively calm week following so much recent chaos, with ETF flows in the green and the SEC delivering good news on mining.",https://decrypt.co/311107/this-week-bitcoin-volatility-rises-etfs-rebound,https://cdn.decrypt.co/resize/1024/height/512/wp-content/uploads/2025/01/bitcoin-fund-gID_7.jpg,Decrypt,BTC
2025-03-22 15:45:00+00:00,Pakistan eyes Bitcoin mining to harness surplus energy,"Pakistan aims to leverage its surplus power for Bitcoin mining, proposing new tariffs to draw global miners without subsidies.",https://cryptobriefing.com/bitcoin-mining-pakistan-surplus-energy/,https://static.cryptobriefing.com/wp-content/uploads/2025/03/22114315/b93d86fe-b2e8-488c-9fa4-2752bb6237ac-800x420.jpg,Crypto Briefing,BTC
2025-03-22 20:00:00+00:00,Bitcoin Treasury Giant Strategy Primed To Acquire More BTC After Pricing New Preferred Stock,The Bitcoin (BTC) treasury firm Strategy says it's ready to accumulate more of the crypto king after pricing a new preferred stock.,https://dailyhodl.com/2025/03/22/bitcoin-treasury-giant-strategy-primed-to-acquire-more-btc-after-pricing-new-preferred-stock/,https://dailyhodl.com/wp-content/uploads/2025/03/bitcoin-giant-after.jpg,The Daily Hodl,BTC
2025-03-23 07:04:00+00:00,"Analyst Predicts New All-Time High Rallies for Bitcoin, Says BTC Now in Stage Two of Bull Market",A closely followed analyst believes that Bitcoin (BTC) remains in bull territory despite widespread calls for a market downtrend.,https://dailyhodl.com/2025/03/23/analyst-predicts-new-all-time-high-rallies-for-bitcoin-says-btc-now-in-stage-two-of-bull-market/,https://dailyhodl.com/wp-content/uploads/2024/09/Push-to-Fresh-BTC.jpg,The Daily Hodl,BTC
2025-03-23 12:11:00+00:00,3 Important Things to Know About the Strategic Bitcoin Reserve,Trump recently signed an executive order on Bitcoin and digital assets. Here's what you need to know about the order's potential impact on your investments.,https://www.msn.com/en-us/money/markets/3-important-things-to-know-about-the-strategic-bitcoin-reserve/ar-AA1Bucrh,https://img-s-msn-com.akamaized.net/tenant/amp/entityid/AA1Bu7Oa.img?w=2309&h=1299&m=4&q=97,The Motley Fool,BTC
2025-03-23 14:52:18+00:00,"Gujarat businessman, nephew duped of Rs 1.4 crore in cryptocurrency investments","A man in Gujarat's Surat and his nephew have claimed they were defrauded of Rs 1.43 crore under the guise of cryptocurrency investments, police said on Sunday. Initially enticed with returns, they later found the fraudsters had shut down their office and gone into hiding,",https://www.msn.com/en-in/crime/general/gujarat-businessman-nephew-duped-of-rs-1-4-crore-in-cryptocurrency-investments/ar-AA1Buy5H,https://img-s-msn-com.akamaized.net/tenant/amp/entityid/AA1BuH2V.img?w=1280&h=720&m=4&q=91,India Today,
2025-03-23 15:28:00+00:00,"Bitcoin Price Prediction for Today, March 23 - BTC Technical Analysis",The Bitcoin price prediction reveals that BTC could slide to the downside if the coin crosses below the 9-day moving average.,https://insidebitcoins.com/sponsored/bitcoin-price-prediction-for-today-march-23-btc-technical-analysis,https://insidebitcoins.com/wp-content/uploads/2025/03/bitcoin-btc-logo-1.png,InsideBitcoins,BTC
2025-03-23 15:41:13+00:00,An OG crypto founder on the triumph of Bitcoin—and rejection by San Francisco liberals,"Jesse Powell, who founded Kraken in 2011, is suing a co-op board that wants to keep him out over his politics.",https://www.msn.com/en-us/news/world/an-og-crypto-founder-on-the-triumph-of-bitcoin-and-rejection-by-san-francisco-liberals/ar-AA1BuGfz,https://s.yimg.com/ny/api/res/1.2/Q430G_1fPRaQJi7H7jBlsg--/YXBwaWQ9aGlnaGxhbmRlcjt3PTEyMDA7aD05NjU-/https://media.zenfs.com/en/aol_fortune_385/7980a9376234fbb6752b9fe3ad53284f,Fortune,BTC
2025-03-23 16:30:43+00:00,Bitcoin 'in position' for first key RSI breakout in 6 months at $85K,"For the first time in six months, he revealed on the day that BTC/USD was about to seal a key bullish RSI divergence on weekly timeframes. ""BTC can make weekly bullish divergence for the first time since September tonight,"" he confirmed on X.",https://www.msn.com/en-us/money/news/bitcoin-in-position-for-first-key-rsi-breakout-in-6-months-at-85k/ar-AA1Bv7XY,"https://images.cointelegraph.com/cdn-cgi/image/format=auto,onerror=redirect,quality=90,width=1200/https://s3.cointelegraph.com/uploads/2025-03/0195c3d0-63fc-7614-b360-bd488438bc82",Cointelegraph,BTC
2025-03-23 18:51:17+00:00,Bitcoin mining hashprice stays flat despite higher difficulty: Report,"The bitcoin mining hashprice, a measure of miner profitability, has remained stagnant amid a slight uptick in mining difficulty and macroeconomic uncertainty.",https://www.msn.com/en-us/money/markets/bitcoin-mining-hashprice-stays-flat-despite-higher-difficulty-report/ar-AA1Bvb70,"https://images.cointelegraph.com/cdn-cgi/image/format=auto,onerror=redirect,quality=90,width=1200/https://s3.cointelegraph.com/uploads/2024-11/01930392-68ac-740e-a9ef-b13d5e49b109",Cointelegraph,BTC
2025-03-24 01:06:08+00:00,"Bitcoin price today: Bitcoin above $86,000 level on March 24, crypto market in green","Bitcoin is trading above the $86,000 level early morning on March 24 today, on March 24, according to data on CoinMarketCap. The, crypto market overall is also trading in the green, data showed. Bitcoin Price Today — March 24,",https://www.msn.com/en-in/money/markets/bitcoin-price-today-bitcoin-above-86-000-level-on-march-24-crypto-market-in-green/ar-AA1BvHEc,https://img-s-msn-com.akamaized.net/tenant/amp/entityid/AA1BvGdN.img?w=960&h=540&m=4&q=90,Mint,BTC
2025-03-24 02:00:00+00:00,Understanding Bitcoin Halving — Insights From News Btc's Comprehensive Guide,"Understanding these complexities requires insightful resources, such as News BTC's guide, which provides an invaluable blueprint for navigating these events.",https://radaronline.com/p/understanding-bitcoin-halving-insights-from-news-btcs-comprehensive-guide/,https://media.radaronline.com/brand-img/Bsxf_0i82/1200x628/understanding-bitcoin-halving-insights-from-news-btcs-comprehensive-guide-1742854669411.png,Radar Online,BTC
2025-03-24 03:00:00+00:00,Exploring the Top Choices for Cryptocurrency Investments,The strategic selection of tokens that not only promise significant returns but also align with emerging blockchain trends could result in substantial financial gains.,https://radaronline.com/p/top-choices-cryptocurrency-investments/,https://media.radaronline.com/brand-img/lrrKbDyQI/1200x628/exploring-the-top-choices-for-cryptocurrency-investments-1742854860304.png,Radar Online,
2025-03-24 03:44:00+00:00,Peter Schiff Asks For Bitcoin For His Birthday in Latest Jab at Crypto Industry,Bitcoin critic Peter Schiff is marking his 62nd birthday by calling for donations to his satirical Bitcoin Strategic Reserve.,https://decrypt.co/311297/peter-schiff-bitcoin-birthday-jab-at-crypto-industry,https://cdn.decrypt.co/resize/1024/height/512/wp-content/uploads/2019/08/peter-schiff-bitcoin-50k-gID_7.jpg,Decrypt,BTC
2025-03-24 04:21:00+00:00,"Bitcoin, XRP and SOL Rise With U.S. Equity Futures as Trump Plans Targeted Action for Tariffs Liberation Day",SOL leads BTC and XRP higher as SPX futures cheer reports that expected Trump tariffs on April 2 could be narrower in scope that initially expected.,https://www.coindesk.com/markets/2025/03/24/bitcoin-xrp-and-sol-rise-with-u-s-equity-futures-as-trump-plans-targeted-action-for-tariffs-liberation-day,https://cdn.sanity.io/images/s3y3vcno/production/733635d96cead78876417c1724bd14329ab3d428-1280x441.jpg?auto=format,CoinDesk,BTC
2025-03-24 05:13:00+00:00,Bitcoin could hit $110K before $76.5K retest as Fed's back to pumping liquidity: Arthur Hayes,"Arthur Hayes predicts Bitcoin price will peak at $110,000 due to Fed policy changes, before correcting to $76,500.",https://cryptobriefing.com/bitcoin-price-prediction-arthur-hayes/,https://static.cryptobriefing.com/wp-content/uploads/2025/03/24010948/5abbbb78-5312-4157-b9b1-2d86c075dc1d-800x420.jpg,Crypto Briefing,BTC
2025-03-24 05:46:00+00:00,"White House to Scale Back Tariffs, Bitcoin Gains on Eased Economic Jitters","The Trump administration is reportedly taking a targeted approach to key trading partners, easing recession fears and lifting Bitcoin sentiment.",https://decrypt.co/311300/white-house-tariffs-bitcoin-economic-jitters,https://cdn.decrypt.co/resize/1024/height/512/wp-content/uploads/2025/01/trump-bitcoin-figure-gID_7.png,Decrypt,BTC
2025-03-24 05:57:00+00:00,"Robert Kiyosaki Calls Bitcoin ""Biggest Opportunity in History,"" Predicts $200K Rally This Year","Robert Kiyosaki warns that fear of making mistakes will keep many poor, while bold Bitcoin investors stand to gain generational wealth.",https://cryptonews.com/news/robert-kiyosaki-calls-bitcoin-biggest-opportunity-in-history/,https://cimg.co/wp-content/uploads/2025/03/24054246/1742794966-image-1742794944633_optimized.jpg,Crypto News,BTC
2025-03-24 05:57:01+00:00,Tokenized US gold could ultimately benefit Bitcoin: NYDIG,"An idea to put US gold reserves on the blockchain could increase awareness of the tech and be a boon for Bitcoin, according to NYDIG researcher Greg Cipolaro.",https://www.msn.com/en-us/money/markets/tokenized-us-gold-could-ultimately-benefit-bitcoin-nydig/ar-AA1BwD81,"https://images.cointelegraph.com/cdn-cgi/image/format=auto,onerror=redirect,quality=90,width=1200/https://s3.cointelegraph.com/uploads/2025-03/0195c619-fdef-7dfd-ada8-ddb9c2475742",Cointelegraph,
2025-03-24 06:42:09+00:00,Why $59 billion in cryptocurrency transactions cannot be ignored by banks —Experts,"THE rapid rise of cryptocurrency transactions—now reaching an astounding $59 billion—can no longer be dismissed by traditional banks, according to financial experts. As digital assets gain mainstream traction,",https://www.msn.com/en-xl/africa/nigeria/why-59-billion-in-cryptocurrency-transactions-cannot-be-ignored-by-banks-experts/ar-AA1BwAUQ,,Tribune Online,
2025-03-24 07:04:00+00:00,"'Rare' Signal Flashing for Bitcoin As Two Macro Factors Align in Favor of BTC, According to Analyst",A popular crypto strategist says that a confluence of macroeconomic factors is flashing bullish for Bitcoin (BTC).,https://dailyhodl.com/2025/03/24/rare-signal-flashing-for-bitcoin-as-two-macro-factors-align-in-favor-of-btc-according-to-analyst/,https://dailyhodl.com/wp-content/uploads/2024/12/Says-One-BTC-Chart-.jpg,The Daily Hodl,BTC
2025-03-24 08:18:16+00:00,Protect yourself from cryptocurrency fraud,"Have you been curious about investing in crypto? It's an attractive idea for many of us because of the potential for high returns. But if you're considering it, remember that using crypto assets comes with many risks,",https://www.msn.com/en-ca/technology/cryptocurrencies/protect-yourself-from-cryptocurrency-fraud/ar-AA1BwXn8,https://img-s-msn-com.akamaized.net/tenant/amp/entityid/AA1BwZMY.img?w=1200&h=800&m=4&q=91,For Your Life,
2025-03-24 08:30:00+00:00,5 US Economic Events To Influence Bitcoin Sentiment This Week,"US economic data this week, including PMI, consumer confidence, and jobless claims, could influence Bitcoin's market sentiment and price. Strong PMI and consumer confidence could drive Bitcoin prices up,",https://beincrypto.com/us-economic-events-bitcoin-sentiment/,https://beincrypto.com/wp-content/uploads/2023/03/bic_United-States-_neutral_4.png.webp,BeInCrypto,BTC
2025-03-24 09:29:00+00:00,"Pa. House advances online data privacy, cryptocurrency bills","A Pennsylvania House committee approved a consumer data privacy bill Tuesday that would set rules for how companies collect, store and sell individualized information from people's online activities.",https://www.wesa.fm/politics-government/2025-03-24/pennsylvania-house-data-privacy-cryptocurrency-bills,https://npr.brightspotcdn.com/dims4/default/354585e/2147483647/strip/true/crop/2400x1260+0+170/resize/1200x630!/quality/90/?url=http://npr-brightspot.s3.amazonaws.com/43/0d/233490d443f486ac60d2ab384268/qzh2h7xdhb61ww1y6a8a00s98r.jpeg,90.5 WESA,
2025-03-24 09:37:00+00:00,"Bitcoin (BTC) Price: Trading at $87,127 as Trump Administration Plans Targeted Tariffs","Bitcoin rises to $87,127 amid growing institutional demand and expectations of targeted tariffs from the Trump administration.",https://blockonomi.com/bitcoin-btc-price-trading-at-87127-as-trump-administration-plans-targeted-tariffs/,https://blockonomi.com/wp-content/uploads/2024/10/Bitcoin.jpg,Blockonomi,BTC
2025-03-24 09:47:00+00:00,Best Crypto and Bitcoin Gambling Sites in 2025 - Rated & Reviewed,"Our team provides an in-depth review of the best Bitcoin gambling sites in %%currentyear%% . Compare top crypto gambling sites, their bonuses, and more.",https://insidebitcoins.com/crypto-casinos/best-bitcoin-gambling-sites,https://insidebitcoins.com/wp-content/uploads/2025/03/thought-catalog-I0TDRP0fj6Y-unsplash-scaled.jpg,InsideBitcoins,BTC
2025-03-24 10:00:00+00:00,Auditing Cryptocurrency Companies,In Brief Recent events in the cryptocurrency industry highlight the risks for investors and customers—as well as auditors. This article summarizes the,https://www.cpajournal.com/2025/03/24/auditing-cryptocurrency-companies/,,The CPA Journal,
2025-03-24 10:25:34+00:00,"Cryptocurrency Price Today (March 24): Bitcoin Rises Above $86,000, SPX Becomes Top Gainer","Bitcoin (BTC), the world's oldest and most valued crypto, rose above the $86,000 mark early Monday. Other popular altcoins — including the likes of Ethereum (ETH), Solana (SOL), Ripple (XRP), and Litecoin (LTC) — landed in the greens across the board as overall Market Fear & Greed Index stood at 31 (Fear) out of 100,",https://www.msn.com/en-in/money/markets/cryptocurrency-price-today-march-24-bitcoin-rises-above-86-000-spx-becomes-top-gainer/ar-AA1BwfGB,https://img-s-msn-com.akamaized.net/tenant/amp/entityid/AA1qiqje.img?w=755&h=425&m=4&q=64,ABP News,
2025-03-24 11:15:00+00:00,"Bitcoin Could Replace Tesla In 'Magnificent 7' To Boost Returns, Reduce Volatility: Standard Chartered","Bitcoin (CRYPTO: BTC) may have outgrown its status as just a hedge against traditional finance risks and is increasingly behaving like a Nasdaq-listed tech stock, according to new research from St",https://www.msn.com/en-us/money/other/bitcoin-could-replace-tesla-in-magnificent-7-to-boost-returns-reduce-volatility-standard-chartered/ar-AA1BxERX,https://cdn.benzinga.com/files/images/story/2025/03/24/Teslas-Bitcoin-Pile-Intact-Despite-Recen.jpeg?width=1200&height=800&fit=crop,Benzinga,BTC
2025-03-24 11:49:00+00:00,West Virginia Court Warns of Bitcoin Scam Using Fake Jury Duty Warrants,"West Virginia court warns of a Bitcoin scam using fake jury duty arrest warrants, urging victims to verify claims before paying.",https://cryptonews.com/news/west-virginia-court-warns-of-bitcoin-scam-using-fake-jury-duty-warrants/,https://cimg.co/wp-content/uploads/2025/03/24114545/1742816745-image-1742816720767_optimized.jpg,Crypto News,BTC
2025-03-24 12:15:50+00:00,"MicroStrategy buys 6,911 more Bitcoin, now holds over 506k BTC","MicroStrategy, now rebranded as Strategy, has surpassed 500,000 BTC in holdings after a $584M purchase—reinforcing its position as the top corporate Bitcoin holder.",https://www.msn.com/en-au/money/companies/microstrategy-buys-6-911-more-bitcoin-now-holds-over-506k-btc/ar-AA1By6uU,https://img-s-msn-com.akamaized.net/tenant/amp/entityid/AA1zUX9l.img?w=1200&h=800&m=4&q=89,TheStreet,BTC
2025-03-24 12:21:09+00:00,"Michael Saylor's Strategy surpasses 500,000 Bitcoin with latest purchase",UTC: This article has been updated to include the settlement date of Strategy's $711 million offering. Michael Saylor's Strategy has acquired over $500 million worth of Bitcoin as institutional interest and exchange-traded fund (ETF) inflows make a comeback.,https://www.msn.com/en-us/money/markets/michael-saylor-s-strategy-surpasses-500-000-bitcoin-with-latest-purchase/ar-AA1ByIab,https://img-s-msn-com.akamaized.net/tenant/amp/entityid/AA1Byx6C.img?w=840&h=560&m=4&q=79,Cointelegraph,BTC
2025-03-24 12:59:00+00:00,Experts Predict Crypto Acquisition Surge as Market Grows in 2025,"Experts predict that crypto acquisitions will rise in 2025, driven by regulatory clarity and increasing competition from TradFi firms.",https://beincrypto.com/crypto-industry-acquisitions-2025/,,BeInCrypto,
2025-03-24 12:59:00+00:00,Strategy Buys Another $584 Million Worth Of Bitcoin,"Strategy buys an additional $584 million in bitcoin, boosting holdings above 500,000 BTC. The company continues to aggressively accumulate BTC to maximize long-term shareholder value.",https://bitcoinmagazine.com/news/strategy-buys-another-584-million-worth-of-bitcoin,https://bitcoinmagazine.com/wp-content/uploads/2025/02/Michael-Saylor-Signals-Strategys-Next-Bitcoin-Buy.jpg,Bitcoin Magazine,BTC
2025-03-24 13:14:00+00:00,Bitcoin Has Been Trading Like a Tech Stock: Standard Chartered,"Traders who swapped Bitcoin for Tesla in Mag7 portfolios would be up 5% than they are now, notes Standard Chartered.",https://decrypt.co/311302/bitcoin-tech-stock-standard-chartered,https://cdn.decrypt.co/resize/1024/height/512/wp-content/uploads/2025/02/bitcoin-investment-gID_7.jpg,Decrypt,BTC
2025-03-24 15:21:00+00:00,Metaplanet Brings Bitcoin Treasury to $293 Million With Latest Buy,"Japanese Bitcoin treasury company Metaplanet has bought more Bitcoin, brining its holdings to just over $293 million.",https://decrypt.co/311328/metaplanet-brings-bitcoin-treasury-to-293-million-with-latest-buy,https://cdn.decrypt.co/resize/1024/height/512/wp-content/uploads/2024/12/bitcoin-btc-planet-globe-sphere-gID_7.png,Decrypt,BTC
2025-03-24 15:33:00+00:00,"Strategy's Bitcoin Holdings Cross 500,000 BTC After Stock Sales","The Bitcoin holdings of Strategy, formerly known as MicroStrategy, recently surpassed 500,000 Bitcoin following its latest stock sales.",https://decrypt.co/311337/strategys-bitcoin-holdings-cross-500000-after-stock-sales,https://cdn.decrypt.co/resize/1024/height/512/wp-content/uploads/2023/02/michael-saylor-microstrategy-gID_7.jpg,Decrypt,BTC
2025-03-24 16:35:27+00:00,Bitcoin jumps 3% on reports that Trump will opt for fewer tariffs than expected,Bitcoin has gained 3% in the last 24 hours amid reports upcoming U.S. tariffs on its trading partners will be less dramatic than expected.,https://www.msn.com/en-us/money/markets/bitcoin-jumps-3-on-reports-that-trump-will-opt-for-fewer-tariffs-than-expected/ar-AA1Bz5K3,https://s.yimg.com/ny/api/res/1.2/mvI2QDe5Vs4vwmkGWdN_7Q--/YXBwaWQ9aGlnaGxhbmRlcjt3PTEyMDA7aD03OTA-/https://media.zenfs.com/en/aol_fortune_385/e5c90dbbd74c2a912ce0fc7cd1f6b946,Fortune,BTC
2025-03-24 17:11:56+00:00,Bitcoin Hits $88K as Trump Signals Tariff Flexibility and Hints at BTC in U.S. Reserves,"Bitcoin surged to over $88,000 after President Donald Trump suggested a more flexible stance on upcoming tariffs and hinted at including Bitcoin in U.S. national reserves. The announcement lifted investor sentiment across the cryptocurrency market,",https://www.msn.com/en-us/money/markets/bitcoin-hits-88k-as-trump-signals-tariff-flexibility-and-hints-at-btc-in-u-s-reserves/ar-AA1ByWZ2,https://img-s-msn-com.akamaized.net/tenant/amp/entityid/AA1ByWYZ.img?w=1920&h=1080&m=4&q=99,EGamers.io,BTC
2025-03-24 17:20:47+00:00,"Bitcoin price pumps, but will BTC break $92K anytime soon?","In essence, Bitcoin is well-positioned to recapture the $92,000 level, although it remains heavily dependent on overall macroeconomic conditions. Regardless of gold's performance, investors view Bitcoin as a risk-on asset, favoring a higher correlation with the stock market, at least in the short term.",https://www.msn.com/en-us/money/markets/bitcoin-price-pumps-but-will-btc-break-92k-anytime-soon/ar-AA1BzlKx,"https://images.cointelegraph.com/cdn-cgi/image/format=auto,onerror=redirect,quality=90,width=1200/https://s3.cointelegraph.com/uploads/2025-02/01951498-e027-7db2-84c4-7f90df731c2e",Cointelegraph,BTC
2025-03-24 18:05:00+00:00,Bitcoin and Stock Market Rally Hard as White House Narrows Scope of Tariffs,Digital assets and equities are soaring on the weekly open amid renewed optimism stemming from the White House taking a softer tone on tariffs.,https://dailyhodl.com/2025/03/24/bitcoin-and-stock-market-rally-hard-as-white-house-narrows-scope-of-tariffs/,https://dailyhodl.com/wp-content/uploads/2024/01/Bullish-Contrarian-Signal-.jpg,The Daily Hodl,BTC
2025-03-24 18:26:54+00:00,Here's Why the Bitcoin Price Is Rising Today,"The Bitcoin price is nearly flat on the day, declining 0.42% in the past hour. Over the past 24 hours, the leading cryptocurrency is up 3% while its gain widens to 5.4% over the past seven-day stretch,",https://www.msn.com/en-us/money/other/here-s-why-the-bitcoin-price-is-going-its-own-way-today/ar-AA1Bz4gx,https://247wallst.com/wp-content/uploads/2021/02/imageForEntry26-YPC.jpg,24/7 Wall St.,BTC
2025-03-24 18:41:00+00:00,"Michael Saylor Stays Bullish As Strategy Buys $584,000,000 in Bitcoin, Pushing Holdings to 2% of Supply","Strategy, formerly MicroStrategy, is announcing the acquisition of nearly 7,000 more Bitcoin (BTC) worth approximately $584 million.",https://dailyhodl.com/2025/03/24/michael-saylor-stays-bullish-as-strategy-buys-584000000-in-bitcoin-pushing-holdings-to-2-of-supply/,https://dailyhodl.com/wp-content/uploads/2024/02/Says-One-Bitcoin-Indicator.jpg,The Daily Hodl,BTC
2025-03-24 18:51:00+00:00,Strategy Holds Half A Million Bitcoin After Latest Acquisition,"Strategy acquired 6,911 more Bitcoin this past week, crossing over the important psychological milestone of holding more than half a million of the",https://cryptonews.com/news/strategy-holds-half-a-million-bitcoin-after-latest-acquisition/,https://cimg.co/wp-content/uploads/2025/03/24165305/1742835184-julia_63915_a_stash_of_bitcoins_e9b13eb6-cb63-4291-884b-509195172d01_optimized.jpg,Crypto News,BTC
2025-03-24 18:53:23+00:00,"Will Bitcoin price hit $130K in 90 days? Yes, says one analyst","Bitcoin could be near the end of its drawn-out consolidation phase. Is a $130,000 BTC price by the end of 2025 realistic?",https://www.msn.com/en-us/money/topstocks/will-bitcoin-price-hit-130k-in-90-days-yes-says-one-analyst/ar-AA1BzB2r,"https://images.cointelegraph.com/cdn-cgi/image/format=auto,onerror=redirect,quality=90,width=1200/https://s3.cointelegraph.com/uploads/2025-03/0195c934-c1b7-75c2-9449-8db65f1104e3",Cointelegraph,BTC
2025-03-24 19:00:00+00:00,Here's what to know about cryptocurrency and your taxes,"The tax rate depends on how long you hold it before selling. If you own cryptocurrency for a year or less, you'll pay short-term capital gains tax. If you sell your cryptocurrency after more than a year, you'll pay long-term capital gains tax, which tends to be a better rate.",https://www.msn.com/en-us/money/taxes/here-s-what-to-know-about-cryptocurrency-and-your-taxes/ar-AA1BzpIB,https://www.yourerie.com/wp-content/uploads/sites/27/2025/03/681e434e221440e38dc932ed77ce616b.jpg?w=1280,YourErie,
2025-03-24 20:28:00+00:00,Bitdeer Exec says Bitcoin miners may need to evolve — or die,"Bitdeer's Jeff LaBerge says Bitcoin miners must evolve or risk extinction — pointing to AI and HPC as the next frontier for stable, long-term growth.",https://www.msn.com/en-us/money/other/bitdeer-exec-says-bitcoin-miners-may-need-to-evolve-or-die/ar-AA1BzLwS,https://img-s-msn-com.akamaized.net/tenant/amp/entityid/AA1AYWl4.img?w=1200&h=800&m=4&q=89,TheStreet,BTC
2025-03-24 21:00:00+00:00,"Shiba Inu (SHIB) price may skyrocket 60% soon, But Experts say this Token Will Surge 5000% in 2025",The DeFi ecosystem has experienced exponential growth in the past few years. Shiba Inu (SHIB) is among the projects that have registered remarkable growth since its inception in 2020. The cryptocurrency market remains uncertain as the coin prepares for a potential 60% price rally.,https://www.msn.com/en-us/money/economy/shiba-inu-shib-price-may-skyrocket-60-soon-but-experts-say-this-token-will-surge-5000-in-2025/ar-AA1BzCbK,https://img-s-msn-com.akamaized.net/tenant/amp/entityid/AA1BzswU.img?w=1280&h=720&m=4&q=89,Cryptopolitan,
2025-03-24 23:11:00+00:00,"Bitcoin is just another tech stock, not a market hedge, study shows","Bitcoin is frequently viewed as ""digital gold"" and a hedge against risks facing the traditional financial sector.",https://www.msn.com/en-us/money/other/bitcoin-is-just-another-tech-stock-not-a-market-hedge-study-shows/ar-AA1Bzn4p,"https://media-cldnry.s-nbcnews.com/image/upload/t_nbcnews-fp-1200-630,f_auto,q_auto:best/rockcms/2022-08/220802-bitcoin-mjf-0910-63694b.jpg",NBC News,BTC
2025-03-24 23:11:00+00:00,"Bitcoin is just another tech stock, not a market hedge, study shows","Bitcoin is frequently viewed as ""digital gold"" and a hedge against risks facing the traditional financial sector.",https://www.msn.com/en-us/money/other/bitcoin-is-just-another-tech-stock-not-a-market-hedge-study-shows/ar-AA1Bzn4p,"https://media-cldnry.s-nbcnews.com/image/upload/t_nbcnews-fp-1200-630,f_auto,q_auto:best/rockcms/2022-08/220802-bitcoin-mjf-0910-63694b.jpg",NBC News,
2025-03-24 23:21:00+00:00,"Crypto Stocks Soar as Bitcoin, Tech Sector Gain","Top crypto stocks, like MSTR and COIN, shot up in price Monday after President Trump decided to soften his stance on tariffs.",https://decrypt.co/311374/crypto-stocks-soar-as-bitcoin-tech-gain,https://cdn.decrypt.co/resize/1024/height/512/wp-content/uploads/2022/04/Bitcoin-stocks-trading-gID_7.jpeg,Decrypt,BTC
2025-03-24 23:48:00+00:00,"Save in Bitcoin, Spend in Dollars: Is This The Way Before Hyperbitcoinization?","Last week, this tweet by Caitlin Long and amplified by our favorite Bitcoiner in Congress Cynthia Lummis received significant pushback from some bitcoiners, offended at the idea of perpetuating the fiat system instead of transaction directly with Bitcoin,",https://bitcoinmagazine.com/business/save-in-bitcoin-spend-in-dollars-is-this-the-way-before-hyperbitcoinization,https://bitcoinmagazine.com/wp-content/uploads/2025/03/Save-in-Bitcoin-Spend-in-Dollars_-Is-This-The-Way-Before-Hyperbitcoinization_.png,Bitcoin Magazine,BTC
2025-03-25 00:06:48+00:00,Bitcoin in the bush - the crypto mine in remote Zambia,"But there's another sound cutting through the trees of the Zambian bush - the unmistakable high-pitched whine of a bitcoin mine. ""It's the sound of money!"" says a smiling Phillip Walton as he surveys the shipping container with 120 computers busily crunching through complex calculations that verify bitcoin transactions.",https://www.msn.com/en-us/technology/cryptocurrencies/bitcoin-in-the-bush-the-crypto-mine-in-remote-zambia/ar-AA1BAUrG,https://ichef.bbci.co.uk/ace/branded_news/1200/cpsprodpb/583f/live/26541af0-0628-11f0-b773-ddd19e96af91.jpg,BBC,BTC
2025-03-25 06:05:06+00:00,Kentucky governor signs 'Bitcoin Rights' bill into law,"Kentucky governor Andy Beshear has signed a measure known as the ""Bitcoin Rights"" bill, into law, enshrining protections for crypto users, as two other US states' Bitcoin reserve legislation advanced.",https://www.msn.com/en-us/news/politics/kentucky-governor-signs-bitcoin-rights-bill-into-law/ar-AA1BB9x2,https://img-s-msn-com.akamaized.net/tenant/amp/entityid/AA1BBhFR.img?w=840&h=560&m=4&q=79,Cointelegraph,BTC
2025-03-25 07:05:11+00:00,BlackRock Debuts Bitcoin Exchange-Traded Product in Europe,"BlackRock Inc., the world's largest asset manager, is launching a Bitcoin exchanged-traded product in Europe, following the success of its $48 billion US fund tracking the cryptocurrency.",https://www.msn.com/en-us/money/other/blackrock-debuts-bitcoin-exchange-traded-product-in-europe/ar-AA1BB8gh,https://assets.bwbx.io/images/users/iqjWHBFdfxIU/iJq98KyfL2mU/v1/1200x800.jpg,Bloomberg,BTC
2025-03-25 07:14:00+00:00,Bitcoin As Strategic Reserve: Long-Term Implication On Government & Retail Participation,"By Roshan Aslam Since Donald Trump returned to the Oval Office, the growing emphasis on Bitcoin by the US has been replicated throughout the world. Trump's recent executive order to create a Bitcoin strategic reserve arguably highlights the pinnacle of recognition for this new-age asset,",https://www.msn.com/en-in/money/economy/bitcoin-as-strategic-reserve-long-term-implication-on-government-retail-participation/ar-AA1BB2Ah,https://img-s-msn-com.akamaized.net/tenant/amp/entityid/AA1v6o62.img?w=755&h=425&m=4&q=54,ABP News,BTC
2025-03-25 07:46:15+00:00,Bitcoin's Safe Haven Status in Doubt as Study Shows It's Another Tech Stock,"Bitcoin is behaving more like a tech stock than a traditional financial hedge. A hypothetical portfolio, ""Mag 7B,"" which replaces Tesla with Bitcoin, has outperformed",https://www.msn.com/en-us/money/top-stocks/bitcoin-s-safe-haven-status-in-doubt-as-study-shows-it-s-another-tech-stock/ar-AA1BBaD4,https://img-s-msn-com.akamaized.net/tenant/amp/entityid/AA1BB3sV.img?w=1920&h=1080&m=4&q=100,CCN,BTC
2025-03-25 07:49:00+00:00,Arizona advances Bitcoin and crypto reserve strategy with two bills,"Arizona advances crypto reserve plan as two bills move to House vote, enabling Bitcoin and seized asset investment amid rising US interest.",https://invezz.com/news/2025/03/25/arizona-advances-bitcoin-and-crypto-reserve-strategy-with-two-bills/,https://ik.imagekit.io/invezz/uploads/2025/03/pexels-rdne-8370330-1024x683.jpg,Invezz,BTC
2025-03-25 08:02:15+00:00,Thane man cheated of Rs 82 lakh in cryptocurrency fraud,"THANE: A 42-year-old man from Maharashtra's Thane city allegedly lost Rs 82 lakh to cyber fraudsters who lured him to invest in cryptocurrency, police said on Tuesday. The police registered a case under relevant provisions of the Information Technology (IT) Act on Monday and have identified the accused through their mobile phone numbers,",https://www.msn.com/en-in/news/India/thane-man-cheated-of-rs-82-lakh-in-cryptocurrency-fraud/ar-AA1BBba6,,The New Indian Express,
2025-03-25 08:41:00+00:00,"BlackRock rolls out Bitcoin ETP in Europe after US ETF success, offers temporary fee cut","BlackRock launches its first Bitcoin ETP in Europe, trading on Xetra and Euronext, with competitive fees and expanding crypto access.",https://cryptobriefing.com/blackrock-bitcoin-etp-europe/,https://static.cryptobriefing.com/wp-content/uploads/2025/03/25042659/baced5e1-ac25-431a-a092-ab57b3719bc1-800x420.jpg,Crypto Briefing,BTC
2025-03-25 08:42:44+00:00,BlackRock launches first bitcoin product in Europe,"BlackRock has launched its first bitcoin exchange-traded product in Europe, in a bid to tap growing demand for cryptocurrency exposure in new markets after attracting more than $50 billion into similar products in the United States.",https://www.msn.com/en-gb/money/other/blackrock-launches-first-bitcoin-product-in-europe/ar-AA1BBpDk,https://www.reuters.com/resizer/v2/RYGIK3VLI5JC7FRLUFYFO2JSYI.jpg?auth=67d1b3ca31a6fac10d5a02062a4966e956aa4c8fa67b30b3786ec7525b1513ca&height=1005&width=1920&quality=80&smart=true,Reuters,BTC
2025-03-25 08:49:00+00:00,Bitcoin and XRP See Some of Their Shine Come Off. Why Volatility Will Remain.,Digital assets are still seeing strong correlations with risk assets such as technology stocks on the Nasdaq exchange.,https://www.msn.com/en-us/money/markets/bitcoin-and-xrp-see-some-of-their-shine-come-off-why-volatility-will-remain/ar-AA1BBnxd,https://img-s-msn-com.akamaized.net/tenant/amp/entityid/AA1A1ZlT.img?w=1280&h=853&m=4&q=39,Barron's,BTC
2025-03-25 09:02:00+00:00,How Layer-2 Networks Ensure Decentralization As Bitcoin DeFi Matures,Industry experts explain how Bitcoin Layer-2 networks remain decentralized at Bitcoin decentralized finance matures.,https://cryptonews.com/news/how-layer-2-networks-ensure-decentralization-as-bitcoin-defi-matures/,,Crypto News,BTC
2025-03-25 09:05:00+00:00,BlackRock to List Bitcoin ETP in Europe in First Crypto Foray Outside U.S.,"BlackRock's IBIT is by far the largest of the 12 spot bitcoin ETFs listed in the U.S., with net assets worth over $50 billion.",https://www.coindesk.com/markets/2025/03/25/blackrock-to-list-bitcoin-etp-in-europe-in-first-crypto-foray-outside-u-s,https://cdn.sanity.io/images/s3y3vcno/production/f0e652bf2da720b1b38a1edccc6243cf6888ab72-1920x1080.jpg?auto=format,CoinDesk,BTC
2025-03-25 09:13:37+00:00,Onchain sleuth ZachXBT accuses Crypto.com of CRO supply manipulation,"The re-issuance of the 70 billion CRO tokens ""permanently"" burned in 2021 is ""no different from a scam,"" according to onchain investigator ZachXBT.",https://www.msn.com/en-us/news/technology/onchain-sleuth-zachxbt-accuses-cryptocom-of-cro-supply-manipulation/ar-AA1BBQEx,"https://images.cointelegraph.com/cdn-cgi/image/format=auto,onerror=redirect,quality=90,width=1200/https://s3.cointelegraph.com/uploads/2025-03/0195cc47-b3af-7509-954d-0a7d2fc40cc8",Cointelegraph.com,
2025-03-25 09:30:00+00:00,"Megaphone Pattern Shows $200,000 Is Possible for Bitcoin (BTC) in 2025, While This Emerging Token Prepares to Rise 53x","The Bitcoin (BTC) price action is carving out a pathway to price discovery as a bullish megaphone pattern hints gains could exceed $200,000 by 2025. As institutional enthusiasm is building in tandem with BTC's technical momentum (the latter noted by the likes of Ark Invest's Cathie Wood) — so too is demand for increasingly sought-after supply with",https://www.msn.com/en-us/money/markets/megaphone-pattern-shows-200-000-is-possible-for-bitcoin-btc-in-2025-while-this-emerging-token-prepares-to-rise-53x/ar-AA1BByt8,https://img-s-msn-com.akamaized.net/tenant/amp/entityid/AA1BBAWQ.img?w=1456&h=816&m=4&q=89,Cryptopolitan,BTC
2025-03-25 09:40:00+00:00,Would You Benefit From Investing in Cryptocurrency?,"Understanding the complexity of adding digital currency to your investments is critical, especially since drastic price changes can happen very quickly.",https://www.kiplinger.com/investing/investing-in-cryptocurrency-would-you-benefit,https://cdn.mos.cms.futurecdn.net/hAgPi9wbgPDoVadvJya6XZ-1200-80.jpg,Kiplinger,
2025-03-25 09:45:19+00:00,BlackRock launches a Bitcoin exchanged-traded product in Europe,"BlackRock is officially listing a Bitcoin exchange-traded product in Europe, according to Bloomberg. The new ETP, called iShares Bitcoin ETP, will begin trading on Tuesday on Xetra and Euronext Paris under the ticker IB1T,",https://www.msn.com/en-us/money/markets/blackrock-launches-a-bitcoin-exchanged-traded-product-in-europe/ar-AA1BBHiM,https://img-s-msn-com.akamaized.net/tenant/amp/entityid/AA1BBHiD.img?w=1280&h=720&m=4&q=100,Cryptopolitan,BTC
2025-03-25 09:45:30+00:00,Security concerns slow crypto payment adoption worldwide — Survey,"Security concerns remain the biggest hurdle in crypto payment adoption for mainstream users, according to a recent Bitget survey.",https://www.msn.com/en-us/money/other/security-concerns-slow-crypto-payment-adoption-worldwide-survey/ar-AA1BBLFA,,Cointelegraph,
2025-03-25 09:47:59+00:00,How Whales Use Shorting Tactics in Bitcoin Trades to Maximize Profits,Whales manipulate market structure through shorting and liquidation events. Spoofing and stop-hunting tactics create false price signals. Liquidation cascades amplify price volatility and help whales,https://www.msn.com/en-us/money/economy/how-whales-use-shorting-tactics-in-bitcoin-trades-to-maximize-profits/ar-AA1BBMmR,https://img-s-msn-com.akamaized.net/tenant/amp/entityid/AA1BBG1u.img?w=1920&h=1080&m=4&q=100,CCN,BTC
2025-03-25 10:08:00+00:00,BlackRock Launches It's European Bitcoin ETP Following U.S. ETF Success,"BlackRock, the world's largest asset manager, has launched a Bitcoin ETP in Europe, expanding its crypto investment offerings beyond U.S.",https://cryptonews.com/news/blackrock-launches-its-european-bitcoin-etp-following-u-s-etf-success/,https://cimg.co/wp-content/uploads/2025/03/25100658/1742897218-image-1742896656484_optimized.jpg,Crypto News,BTC
2025-03-25 10:22:00+00:00,Bitcoin flips 'macro bullish' amid first Hash Ribbon buy signal in 8 months,"The popular Hash Ribbon tool, created by quantitative Bitcoin and digital asset fund Capriole Investments, has printed its first buy signal in a ""macro bullish"" event. Bitcoin miners look set to make a comeback as the Hash Ribbon metric marks the end of their latest ""capitulation"" phase.",https://cointelegraph.com/news/bitcoin-flips-macro-bullish-hash-ribbon-buy-signal-8-months,"https://images.cointelegraph.com/cdn-cgi/image/format=auto,onerror=redirect,quality=90,width=1200/https://s3.cointelegraph.com/uploads/2025-02/0194fe91-a67b-7ca2-ad42-bc9d6f35383d",Cointelegraph,BTC
2025-03-25 10:58:00+00:00,BlackRock Expands Bitcoin ETF Offering To Europe,Asset management giant BlackRock (NYSE:BLK) is deepening its presence in the digital asset space with the launch of a Bitcoin (CRYPTO: BTC) exchange-traded produc,https://www.benzinga.com/markets/cryptocurrency/25/03/44470483/blackrock-expands-bitcoin-etf-offering-to-europe,https://cdn.benzinga.com/files/images/story/2025/03/25/Blackrocks-Bitcoin-Fund-Breaks-Records-W.jpeg?width=1200&height=800&fit=crop,Benzinga,BTC
2025-03-25 11:01:00+00:00,"Kentucky Governor Signs 'Bitcoin Rights' Bill into Law, Joining Growing Crypto Push","Kentucky Governor Andy Beshear has officially signed House Bill 701, known as the ""Bitcoin Rights"" bill, into law.",https://cryptonews.com/news/kentucky-governor-signs-bitcoin-rights-bill-into-law-joining-growing-crypto-push/,https://cimg.co/wp-content/uploads/2025/03/25110103/1742900462-image-1742900355598_optimized.jpg,Crypto News,BTC
2025-03-25 11:01:00+00:00,"Bitcoin Reserve? No, 'House Of Doge' Just Launched A Dogecoin Reserve Valued $1.83 Million","A newly launched reserve of 10 million Dogecoin (CRYPTO: DOGE), valued at approximately $1.83 million, has been established to advance the cryptocurrency's use in real-world payments. What Happened: The initiative,",https://finance.yahoo.com/news/bitcoin-no-house-doge-just-110104431.html,https://media.zenfs.com/en/benzinga_79/d69c49a0c7699c18ea2c7cc658810ac2,Yahoo Finance,BTC
2025-03-25 11:15:00+00:00,"Crypto Daybook Americas: Bitcoin Buoyant With Trump Tariffs, Options Expiry Set to Add Volatility","However, volatility is expected to rise ahead of Friday's quarterly options expiry, with over $12 billion in notional value set to expire on Deribit with a max pain price at $85,000. Most open interest, meantime, centers around $100,000 call options.",https://www.coindesk.com/daybook-us/2025/03/25/crypto-daybook-americas-bitcoin-buoyant-with-trump-tariffs-options-expiry-set-to-add-volatility,https://cdn.sanity.io/images/s3y3vcno/production/fab0590c0bb16e1df16cd7a8da6585cf83df9bc8-4682x4479.jpg?auto=format,CoinDesk,BTC
2025-03-25 11:44:00+00:00,BlackRock launches Bitcoin ETP in Europe,"BlackRock launched its iShares Bitcoin ETP across Europe, expanding its crypto offerings beyond the US. BlackRock, the world's largest asset manager, launched a Bitcoin exchange-traded product (ETP) on multiple European stock exchanges.",https://cointelegraph.com/news/blackrock-launches-bitcoin-etp-europe,"https://images.cointelegraph.com/cdn-cgi/image/format=auto,onerror=redirect,quality=90,width=1200/https://s3.cointelegraph.com/uploads/2025-03/0195cc81-fedf-7469-b13e-1b1781cc051c",Cointelegraph,BTC
2025-03-25 11:45:00+00:00,Bitcoin's relief rally may be 'fleeting.' Here's how long it may last.,"Bitcoin's relief rally is likely to extend for another week or two from the technical perspective, according to Fairlead Strategies.",https://www.marketwatch.com/story/bitcoins-relief-rally-may-be-fleeting-heres-how-long-it-may-last-daad8631,https://images.mktw.net/im-64516180/social,MarketWatch,BTC
